key	shard
model.audio_tokenizer.audio_bridge_model.down_proj.weight	model-00008-of-00015.safetensors
model.audio_tokenizer.audio_bridge_model.gate_proj.weight	model-00008-of-00015.safetensors
model.audio_tokenizer.audio_bridge_model.layer_norm.bias	model-00015-of-00015.safetensors
model.audio_tokenizer.audio_bridge_model.layer_norm.weight	model-00015-of-00015.safetensors
model.audio_tokenizer.audio_bridge_model.proj_decoder.bias	model-00015-of-00015.safetensors
model.audio_tokenizer.audio_bridge_model.proj_decoder.weight	model-00008-of-00015.safetensors
model.audio_tokenizer.audio_bridge_model.up_proj.weight	model-00008-of-00015.safetensors
model.audio_tokenizer.audio_bridge_model.vq_list.0.codebook.cluster_size	model-00015-of-00015.safetensors
model.audio_tokenizer.audio_bridge_model.vq_list.0.codebook.embed	model-00007-of-00015.safetensors
model.audio_tokenizer.audio_bridge_model.vq_list.0.codebook.embed_avg	model-00007-of-00015.safetensors
model.audio_tokenizer.audio_bridge_model.vq_list.1.codebook.cluster_size	model-00015-of-00015.safetensors
model.audio_tokenizer.audio_bridge_model.vq_list.1.codebook.embed	model-00007-of-00015.safetensors
model.audio_tokenizer.audio_bridge_model.vq_list.1.codebook.embed_avg	model-00007-of-00015.safetensors
model.audio_tokenizer.audio_bridge_model.vq_list.2.codebook.cluster_size	model-00015-of-00015.safetensors
model.audio_tokenizer.audio_bridge_model.vq_list.2.codebook.embed	model-00008-of-00015.safetensors
model.audio_tokenizer.audio_bridge_model.vq_list.2.codebook.embed_avg	model-00008-of-00015.safetensors
model.audio_tokenizer.audio_bridge_model.vq_list.3.codebook.cluster_size	model-00015-of-00015.safetensors
model.audio_tokenizer.audio_bridge_model.vq_list.3.codebook.embed	model-00008-of-00015.safetensors
model.audio_tokenizer.audio_bridge_model.vq_list.3.codebook.embed_avg	model-00008-of-00015.safetensors
model.audio_tokenizer.audio_bridge_model.vq_list.4.codebook.cluster_size	model-00015-of-00015.safetensors
model.audio_tokenizer.audio_bridge_model.vq_list.4.codebook.embed	model-00008-of-00015.safetensors
model.audio_tokenizer.audio_bridge_model.vq_list.4.codebook.embed_avg	model-00008-of-00015.safetensors
model.audio_tokenizer.audio_bridge_model.vq_list.5.codebook.cluster_size	model-00015-of-00015.safetensors
model.audio_tokenizer.audio_bridge_model.vq_list.5.codebook.embed	model-00008-of-00015.safetensors
model.audio_tokenizer.audio_bridge_model.vq_list.5.codebook.embed_avg	model-00008-of-00015.safetensors
model.audio_tokenizer.audio_bridge_model.vq_list.6.codebook.cluster_size	model-00015-of-00015.safetensors
model.audio_tokenizer.audio_bridge_model.vq_list.6.codebook.embed	model-00008-of-00015.safetensors
model.audio_tokenizer.audio_bridge_model.vq_list.6.codebook.embed_avg	model-00008-of-00015.safetensors
model.audio_tokenizer.audio_bridge_model.vq_list.7.codebook.cluster_size	model-00015-of-00015.safetensors
model.audio_tokenizer.audio_bridge_model.vq_list.7.codebook.embed	model-00008-of-00015.safetensors
model.audio_tokenizer.audio_bridge_model.vq_list.7.codebook.embed_avg	model-00008-of-00015.safetensors
model.audio_tokenizer.audio_decoder.dconv1.conv.bias	model-00015-of-00015.safetensors
model.audio_tokenizer.audio_decoder.dconv1.conv.weight	model-00008-of-00015.safetensors
model.audio_tokenizer.audio_decoder.dconv1.norm.bias	model-00015-of-00015.safetensors
model.audio_tokenizer.audio_decoder.dconv1.norm.weight	model-00015-of-00015.safetensors
model.audio_tokenizer.audio_decoder.dconv2.conv.bias	model-00015-of-00015.safetensors
model.audio_tokenizer.audio_decoder.dconv2.conv.weight	model-00015-of-00015.safetensors
model.audio_tokenizer.audio_decoder.dconv2.norm.bias	model-00015-of-00015.safetensors
model.audio_tokenizer.audio_decoder.dconv2.norm.weight	model-00015-of-00015.safetensors
model.audio_tokenizer.audio_decoder.layer_norm.bias	model-00015-of-00015.safetensors
model.audio_tokenizer.audio_decoder.layer_norm.weight	model-00015-of-00015.safetensors
model.audio_tokenizer.audio_decoder.layers.0.fc1.bias	model-00015-of-00015.safetensors
model.audio_tokenizer.audio_decoder.layers.0.fc1.weight	model-00008-of-00015.safetensors
model.audio_tokenizer.audio_decoder.layers.0.fc2.bias	model-00015-of-00015.safetensors
model.audio_tokenizer.audio_decoder.layers.0.fc2.weight	model-00008-of-00015.safetensors
model.audio_tokenizer.audio_decoder.layers.0.final_layer_norm.bias	model-00015-of-00015.safetensors
model.audio_tokenizer.audio_decoder.layers.0.final_layer_norm.weight	model-00015-of-00015.safetensors
model.audio_tokenizer.audio_decoder.layers.0.self_attn.k_proj.weight	model-00015-of-00015.safetensors
model.audio_tokenizer.audio_decoder.layers.0.self_attn.out_proj.bias	model-00015-of-00015.safetensors
model.audio_tokenizer.audio_decoder.layers.0.self_attn.out_proj.weight	model-00015-of-00015.safetensors
model.audio_tokenizer.audio_decoder.layers.0.self_attn.q_proj.bias	model-00015-of-00015.safetensors
model.audio_tokenizer.audio_decoder.layers.0.self_attn.q_proj.weight	model-00015-of-00015.safetensors
model.audio_tokenizer.audio_decoder.layers.0.self_attn.v_proj.bias	model-00015-of-00015.safetensors
model.audio_tokenizer.audio_decoder.layers.0.self_attn.v_proj.weight	model-00015-of-00015.safetensors
model.audio_tokenizer.audio_decoder.layers.0.self_attn_layer_norm.bias	model-00015-of-00015.safetensors
model.audio_tokenizer.audio_decoder.layers.0.self_attn_layer_norm.weight	model-00015-of-00015.safetensors
model.audio_tokenizer.audio_decoder.layers.1.fc1.bias	model-00015-of-00015.safetensors
model.audio_tokenizer.audio_decoder.layers.1.fc1.weight	model-00008-of-00015.safetensors
model.audio_tokenizer.audio_decoder.layers.1.fc2.bias	model-00015-of-00015.safetensors
model.audio_tokenizer.audio_decoder.layers.1.fc2.weight	model-00008-of-00015.safetensors
model.audio_tokenizer.audio_decoder.layers.1.final_layer_norm.bias	model-00015-of-00015.safetensors
model.audio_tokenizer.audio_decoder.layers.1.final_layer_norm.weight	model-00015-of-00015.safetensors
model.audio_tokenizer.audio_decoder.layers.1.self_attn.k_proj.weight	model-00015-of-00015.safetensors
model.audio_tokenizer.audio_decoder.layers.1.self_attn.out_proj.bias	model-00015-of-00015.safetensors
model.audio_tokenizer.audio_decoder.layers.1.self_attn.out_proj.weight	model-00015-of-00015.safetensors
model.audio_tokenizer.audio_decoder.layers.1.self_attn.q_proj.bias	model-00015-of-00015.safetensors
model.audio_tokenizer.audio_decoder.layers.1.self_attn.q_proj.weight	model-00015-of-00015.safetensors
model.audio_tokenizer.audio_decoder.layers.1.self_attn.v_proj.bias	model-00015-of-00015.safetensors
model.audio_tokenizer.audio_decoder.layers.1.self_attn.v_proj.weight	model-00015-of-00015.safetensors
model.audio_tokenizer.audio_decoder.layers.1.self_attn_layer_norm.bias	model-00015-of-00015.safetensors
model.audio_tokenizer.audio_decoder.layers.1.self_attn_layer_norm.weight	model-00015-of-00015.safetensors
model.audio_tokenizer.audio_decoder.layers.2.fc1.bias	model-00015-of-00015.safetensors
model.audio_tokenizer.audio_decoder.layers.2.fc1.weight	model-00008-of-00015.safetensors
model.audio_tokenizer.audio_decoder.layers.2.fc2.bias	model-00015-of-00015.safetensors
model.audio_tokenizer.audio_decoder.layers.2.fc2.weight	model-00008-of-00015.safetensors
model.audio_tokenizer.audio_decoder.layers.2.final_layer_norm.bias	model-00015-of-00015.safetensors
model.audio_tokenizer.audio_decoder.layers.2.final_layer_norm.weight	model-00015-of-00015.safetensors
model.audio_tokenizer.audio_decoder.layers.2.self_attn.k_proj.weight	model-00015-of-00015.safetensors
model.audio_tokenizer.audio_decoder.layers.2.self_attn.out_proj.bias	model-00015-of-00015.safetensors
model.audio_tokenizer.audio_decoder.layers.2.self_attn.out_proj.weight	model-00015-of-00015.safetensors
model.audio_tokenizer.audio_decoder.layers.2.self_attn.q_proj.bias	model-00015-of-00015.safetensors
model.audio_tokenizer.audio_decoder.layers.2.self_attn.q_proj.weight	model-00015-of-00015.safetensors
model.audio_tokenizer.audio_decoder.layers.2.self_attn.v_proj.bias	model-00015-of-00015.safetensors
model.audio_tokenizer.audio_decoder.layers.2.self_attn.v_proj.weight	model-00015-of-00015.safetensors
model.audio_tokenizer.audio_decoder.layers.2.self_attn_layer_norm.bias	model-00015-of-00015.safetensors
model.audio_tokenizer.audio_decoder.layers.2.self_attn_layer_norm.weight	model-00015-of-00015.safetensors
model.audio_tokenizer.audio_decoder.layers.3.fc1.bias	model-00015-of-00015.safetensors
model.audio_tokenizer.audio_decoder.layers.3.fc1.weight	model-00008-of-00015.safetensors
model.audio_tokenizer.audio_decoder.layers.3.fc2.bias	model-00015-of-00015.safetensors
model.audio_tokenizer.audio_decoder.layers.3.fc2.weight	model-00008-of-00015.safetensors
model.audio_tokenizer.audio_decoder.layers.3.final_layer_norm.bias	model-00015-of-00015.safetensors
model.audio_tokenizer.audio_decoder.layers.3.final_layer_norm.weight	model-00015-of-00015.safetensors
model.audio_tokenizer.audio_decoder.layers.3.self_attn.k_proj.weight	model-00015-of-00015.safetensors
model.audio_tokenizer.audio_decoder.layers.3.self_attn.out_proj.bias	model-00015-of-00015.safetensors
model.audio_tokenizer.audio_decoder.layers.3.self_attn.out_proj.weight	model-00015-of-00015.safetensors
model.audio_tokenizer.audio_decoder.layers.3.self_attn.q_proj.bias	model-00015-of-00015.safetensors
model.audio_tokenizer.audio_decoder.layers.3.self_attn.q_proj.weight	model-00015-of-00015.safetensors
model.audio_tokenizer.audio_decoder.layers.3.self_attn.v_proj.bias	model-00015-of-00015.safetensors
model.audio_tokenizer.audio_decoder.layers.3.self_attn.v_proj.weight	model-00015-of-00015.safetensors
model.audio_tokenizer.audio_decoder.layers.3.self_attn_layer_norm.bias	model-00015-of-00015.safetensors
model.audio_tokenizer.audio_decoder.layers.3.self_attn_layer_norm.weight	model-00015-of-00015.safetensors
model.audio_tokenizer.audio_decoder.layers.4.fc1.bias	model-00015-of-00015.safetensors
model.audio_tokenizer.audio_decoder.layers.4.fc1.weight	model-00008-of-00015.safetensors
model.audio_tokenizer.audio_decoder.layers.4.fc2.bias	model-00015-of-00015.safetensors
model.audio_tokenizer.audio_decoder.layers.4.fc2.weight	model-00008-of-00015.safetensors
model.audio_tokenizer.audio_decoder.layers.4.final_layer_norm.bias	model-00015-of-00015.safetensors
model.audio_tokenizer.audio_decoder.layers.4.final_layer_norm.weight	model-00015-of-00015.safetensors
model.audio_tokenizer.audio_decoder.layers.4.self_attn.k_proj.weight	model-00015-of-00015.safetensors
model.audio_tokenizer.audio_decoder.layers.4.self_attn.out_proj.bias	model-00015-of-00015.safetensors
model.audio_tokenizer.audio_decoder.layers.4.self_attn.out_proj.weight	model-00015-of-00015.safetensors
model.audio_tokenizer.audio_decoder.layers.4.self_attn.q_proj.bias	model-00015-of-00015.safetensors
model.audio_tokenizer.audio_decoder.layers.4.self_attn.q_proj.weight	model-00015-of-00015.safetensors
model.audio_tokenizer.audio_decoder.layers.4.self_attn.v_proj.bias	model-00015-of-00015.safetensors
model.audio_tokenizer.audio_decoder.layers.4.self_attn.v_proj.weight	model-00015-of-00015.safetensors
model.audio_tokenizer.audio_decoder.layers.4.self_attn_layer_norm.bias	model-00015-of-00015.safetensors
model.audio_tokenizer.audio_decoder.layers.4.self_attn_layer_norm.weight	model-00015-of-00015.safetensors
model.audio_tokenizer.audio_decoder.layers.5.fc1.bias	model-00015-of-00015.safetensors
model.audio_tokenizer.audio_decoder.layers.5.fc1.weight	model-00008-of-00015.safetensors
model.audio_tokenizer.audio_decoder.layers.5.fc2.bias	model-00015-of-00015.safetensors
model.audio_tokenizer.audio_decoder.layers.5.fc2.weight	model-00008-of-00015.safetensors
model.audio_tokenizer.audio_decoder.layers.5.final_layer_norm.bias	model-00015-of-00015.safetensors
model.audio_tokenizer.audio_decoder.layers.5.final_layer_norm.weight	model-00015-of-00015.safetensors
model.audio_tokenizer.audio_decoder.layers.5.self_attn.k_proj.weight	model-00015-of-00015.safetensors
model.audio_tokenizer.audio_decoder.layers.5.self_attn.out_proj.bias	model-00015-of-00015.safetensors
model.audio_tokenizer.audio_decoder.layers.5.self_attn.out_proj.weight	model-00015-of-00015.safetensors
model.audio_tokenizer.audio_decoder.layers.5.self_attn.q_proj.bias	model-00015-of-00015.safetensors
model.audio_tokenizer.audio_decoder.layers.5.self_attn.q_proj.weight	model-00015-of-00015.safetensors
model.audio_tokenizer.audio_decoder.layers.5.self_attn.v_proj.bias	model-00015-of-00015.safetensors
model.audio_tokenizer.audio_decoder.layers.5.self_attn.v_proj.weight	model-00015-of-00015.safetensors
model.audio_tokenizer.audio_decoder.layers.5.self_attn_layer_norm.bias	model-00015-of-00015.safetensors
model.audio_tokenizer.audio_decoder.layers.5.self_attn_layer_norm.weight	model-00015-of-00015.safetensors
model.audio_tokenizer.audio_decoder.layers.6.fc1.bias	model-00015-of-00015.safetensors
model.audio_tokenizer.audio_decoder.layers.6.fc1.weight	model-00008-of-00015.safetensors
model.audio_tokenizer.audio_decoder.layers.6.fc2.bias	model-00015-of-00015.safetensors
model.audio_tokenizer.audio_decoder.layers.6.fc2.weight	model-00008-of-00015.safetensors
model.audio_tokenizer.audio_decoder.layers.6.final_layer_norm.bias	model-00015-of-00015.safetensors
model.audio_tokenizer.audio_decoder.layers.6.final_layer_norm.weight	model-00015-of-00015.safetensors
model.audio_tokenizer.audio_decoder.layers.6.self_attn.k_proj.weight	model-00015-of-00015.safetensors
model.audio_tokenizer.audio_decoder.layers.6.self_attn.out_proj.bias	model-00015-of-00015.safetensors
model.audio_tokenizer.audio_decoder.layers.6.self_attn.out_proj.weight	model-00015-of-00015.safetensors
model.audio_tokenizer.audio_decoder.layers.6.self_attn.q_proj.bias	model-00015-of-00015.safetensors
model.audio_tokenizer.audio_decoder.layers.6.self_attn.q_proj.weight	model-00015-of-00015.safetensors
model.audio_tokenizer.audio_decoder.layers.6.self_attn.v_proj.bias	model-00015-of-00015.safetensors
model.audio_tokenizer.audio_decoder.layers.6.self_attn.v_proj.weight	model-00015-of-00015.safetensors
model.audio_tokenizer.audio_decoder.layers.6.self_attn_layer_norm.bias	model-00015-of-00015.safetensors
model.audio_tokenizer.audio_decoder.layers.6.self_attn_layer_norm.weight	model-00015-of-00015.safetensors
model.audio_tokenizer.audio_decoder.layers.7.fc1.bias	model-00015-of-00015.safetensors
model.audio_tokenizer.audio_decoder.layers.7.fc1.weight	model-00008-of-00015.safetensors
model.audio_tokenizer.audio_decoder.layers.7.fc2.bias	model-00015-of-00015.safetensors
model.audio_tokenizer.audio_decoder.layers.7.fc2.weight	model-00008-of-00015.safetensors
model.audio_tokenizer.audio_decoder.layers.7.final_layer_norm.bias	model-00015-of-00015.safetensors
model.audio_tokenizer.audio_decoder.layers.7.final_layer_norm.weight	model-00015-of-00015.safetensors
model.audio_tokenizer.audio_decoder.layers.7.self_attn.k_proj.weight	model-00015-of-00015.safetensors
model.audio_tokenizer.audio_decoder.layers.7.self_attn.out_proj.bias	model-00015-of-00015.safetensors
model.audio_tokenizer.audio_decoder.layers.7.self_attn.out_proj.weight	model-00015-of-00015.safetensors
model.audio_tokenizer.audio_decoder.layers.7.self_attn.q_proj.bias	model-00015-of-00015.safetensors
model.audio_tokenizer.audio_decoder.layers.7.self_attn.q_proj.weight	model-00015-of-00015.safetensors
model.audio_tokenizer.audio_decoder.layers.7.self_attn.v_proj.bias	model-00015-of-00015.safetensors
model.audio_tokenizer.audio_decoder.layers.7.self_attn.v_proj.weight	model-00015-of-00015.safetensors
model.audio_tokenizer.audio_decoder.layers.7.self_attn_layer_norm.bias	model-00015-of-00015.safetensors
model.audio_tokenizer.audio_decoder.layers.7.self_attn_layer_norm.weight	model-00015-of-00015.safetensors
model.audio_tokenizer.audio_decoder.positional_embedding	model-00008-of-00015.safetensors
model.audio_tokenizer.audio_decoder.post_net.layers.0.bias	model-00015-of-00015.safetensors
model.audio_tokenizer.audio_decoder.post_net.layers.0.weight	model-00015-of-00015.safetensors
model.audio_tokenizer.audio_decoder.post_net.layers.1.bias	model-00015-of-00015.safetensors
model.audio_tokenizer.audio_decoder.post_net.layers.1.weight	model-00015-of-00015.safetensors
model.audio_tokenizer.audio_decoder.post_net.layers.10.bias	model-00015-of-00015.safetensors
model.audio_tokenizer.audio_decoder.post_net.layers.10.weight	model-00015-of-00015.safetensors
model.audio_tokenizer.audio_decoder.post_net.layers.12.bias	model-00015-of-00015.safetensors
model.audio_tokenizer.audio_decoder.post_net.layers.12.weight	model-00015-of-00015.safetensors
model.audio_tokenizer.audio_decoder.post_net.layers.3.bias	model-00015-of-00015.safetensors
model.audio_tokenizer.audio_decoder.post_net.layers.3.weight	model-00015-of-00015.safetensors
model.audio_tokenizer.audio_decoder.post_net.layers.4.bias	model-00015-of-00015.safetensors
model.audio_tokenizer.audio_decoder.post_net.layers.4.weight	model-00015-of-00015.safetensors
model.audio_tokenizer.audio_decoder.post_net.layers.6.bias	model-00015-of-00015.safetensors
model.audio_tokenizer.audio_decoder.post_net.layers.6.weight	model-00015-of-00015.safetensors
model.audio_tokenizer.audio_decoder.post_net.layers.7.bias	model-00015-of-00015.safetensors
model.audio_tokenizer.audio_decoder.post_net.layers.7.weight	model-00015-of-00015.safetensors
model.audio_tokenizer.audio_decoder.post_net.layers.9.bias	model-00015-of-00015.safetensors
model.audio_tokenizer.audio_decoder.post_net.layers.9.weight	model-00015-of-00015.safetensors
model.audio_tokenizer.audio_flow_matching_decoder.conditional_decoder.down_blocks.0.0.block1.block.0.bias	model-00015-of-00015.safetensors
model.audio_tokenizer.audio_flow_matching_decoder.conditional_decoder.down_blocks.0.0.block1.block.0.weight	model-00015-of-00015.safetensors
model.audio_tokenizer.audio_flow_matching_decoder.conditional_decoder.down_blocks.0.0.block1.block.2.bias	model-00015-of-00015.safetensors
model.audio_tokenizer.audio_flow_matching_decoder.conditional_decoder.down_blocks.0.0.block1.block.2.weight	model-00015-of-00015.safetensors
model.audio_tokenizer.audio_flow_matching_decoder.conditional_decoder.down_blocks.0.0.block2.block.0.bias	model-00015-of-00015.safetensors
model.audio_tokenizer.audio_flow_matching_decoder.conditional_decoder.down_blocks.0.0.block2.block.0.weight	model-00015-of-00015.safetensors
model.audio_tokenizer.audio_flow_matching_decoder.conditional_decoder.down_blocks.0.0.block2.block.2.bias	model-00015-of-00015.safetensors
model.audio_tokenizer.audio_flow_matching_decoder.conditional_decoder.down_blocks.0.0.block2.block.2.weight	model-00015-of-00015.safetensors
model.audio_tokenizer.audio_flow_matching_decoder.conditional_decoder.down_blocks.0.0.mlp.1.bias	model-00015-of-00015.safetensors
model.audio_tokenizer.audio_flow_matching_decoder.conditional_decoder.down_blocks.0.0.mlp.1.weight	model-00015-of-00015.safetensors
model.audio_tokenizer.audio_flow_matching_decoder.conditional_decoder.down_blocks.0.0.res_conv.bias	model-00015-of-00015.safetensors
model.audio_tokenizer.audio_flow_matching_decoder.conditional_decoder.down_blocks.0.0.res_conv.weight	model-00015-of-00015.safetensors
model.audio_tokenizer.audio_flow_matching_decoder.conditional_decoder.down_blocks.0.1.0.attn1.to_k.weight	model-00015-of-00015.safetensors
model.audio_tokenizer.audio_flow_matching_decoder.conditional_decoder.down_blocks.0.1.0.attn1.to_out.0.bias	model-00015-of-00015.safetensors
model.audio_tokenizer.audio_flow_matching_decoder.conditional_decoder.down_blocks.0.1.0.attn1.to_out.0.weight	model-00015-of-00015.safetensors
model.audio_tokenizer.audio_flow_matching_decoder.conditional_decoder.down_blocks.0.1.0.attn1.to_q.weight	model-00015-of-00015.safetensors
model.audio_tokenizer.audio_flow_matching_decoder.conditional_decoder.down_blocks.0.1.0.attn1.to_v.weight	model-00015-of-00015.safetensors
model.audio_tokenizer.audio_flow_matching_decoder.conditional_decoder.down_blocks.0.1.0.ff.net.0.proj.bias	model-00015-of-00015.safetensors
model.audio_tokenizer.audio_flow_matching_decoder.conditional_decoder.down_blocks.0.1.0.ff.net.0.proj.weight	model-00015-of-00015.safetensors
model.audio_tokenizer.audio_flow_matching_decoder.conditional_decoder.down_blocks.0.1.0.ff.net.2.bias	model-00015-of-00015.safetensors
model.audio_tokenizer.audio_flow_matching_decoder.conditional_decoder.down_blocks.0.1.0.ff.net.2.weight	model-00015-of-00015.safetensors
model.audio_tokenizer.audio_flow_matching_decoder.conditional_decoder.down_blocks.0.1.0.norm1.bias	model-00015-of-00015.safetensors
model.audio_tokenizer.audio_flow_matching_decoder.conditional_decoder.down_blocks.0.1.0.norm1.weight	model-00015-of-00015.safetensors
model.audio_tokenizer.audio_flow_matching_decoder.conditional_decoder.down_blocks.0.1.0.norm3.bias	model-00015-of-00015.safetensors
model.audio_tokenizer.audio_flow_matching_decoder.conditional_decoder.down_blocks.0.1.0.norm3.weight	model-00015-of-00015.safetensors
model.audio_tokenizer.audio_flow_matching_decoder.conditional_decoder.down_blocks.0.1.1.attn1.to_k.weight	model-00015-of-00015.safetensors
model.audio_tokenizer.audio_flow_matching_decoder.conditional_decoder.down_blocks.0.1.1.attn1.to_out.0.bias	model-00015-of-00015.safetensors
model.audio_tokenizer.audio_flow_matching_decoder.conditional_decoder.down_blocks.0.1.1.attn1.to_out.0.weight	model-00015-of-00015.safetensors
model.audio_tokenizer.audio_flow_matching_decoder.conditional_decoder.down_blocks.0.1.1.attn1.to_q.weight	model-00015-of-00015.safetensors
model.audio_tokenizer.audio_flow_matching_decoder.conditional_decoder.down_blocks.0.1.1.attn1.to_v.weight	model-00015-of-00015.safetensors
model.audio_tokenizer.audio_flow_matching_decoder.conditional_decoder.down_blocks.0.1.1.ff.net.0.proj.bias	model-00015-of-00015.safetensors
model.audio_tokenizer.audio_flow_matching_decoder.conditional_decoder.down_blocks.0.1.1.ff.net.0.proj.weight	model-00015-of-00015.safetensors
model.audio_tokenizer.audio_flow_matching_decoder.conditional_decoder.down_blocks.0.1.1.ff.net.2.bias	model-00015-of-00015.safetensors
model.audio_tokenizer.audio_flow_matching_decoder.conditional_decoder.down_blocks.0.1.1.ff.net.2.weight	model-00015-of-00015.safetensors
model.audio_tokenizer.audio_flow_matching_decoder.conditional_decoder.down_blocks.0.1.1.norm1.bias	model-00015-of-00015.safetensors
model.audio_tokenizer.audio_flow_matching_decoder.conditional_decoder.down_blocks.0.1.1.norm1.weight	model-00015-of-00015.safetensors
model.audio_tokenizer.audio_flow_matching_decoder.conditional_decoder.down_blocks.0.1.1.norm3.bias	model-00015-of-00015.safetensors
model.audio_tokenizer.audio_flow_matching_decoder.conditional_decoder.down_blocks.0.1.1.norm3.weight	model-00015-of-00015.safetensors
model.audio_tokenizer.audio_flow_matching_decoder.conditional_decoder.down_blocks.0.1.2.attn1.to_k.weight	model-00015-of-00015.safetensors
model.audio_tokenizer.audio_flow_matching_decoder.conditional_decoder.down_blocks.0.1.2.attn1.to_out.0.bias	model-00015-of-00015.safetensors
model.audio_tokenizer.audio_flow_matching_decoder.conditional_decoder.down_blocks.0.1.2.attn1.to_out.0.weight	model-00015-of-00015.safetensors
model.audio_tokenizer.audio_flow_matching_decoder.conditional_decoder.down_blocks.0.1.2.attn1.to_q.weight	model-00015-of-00015.safetensors
model.audio_tokenizer.audio_flow_matching_decoder.conditional_decoder.down_blocks.0.1.2.attn1.to_v.weight	model-00015-of-00015.safetensors
model.audio_tokenizer.audio_flow_matching_decoder.conditional_decoder.down_blocks.0.1.2.ff.net.0.proj.bias	model-00015-of-00015.safetensors
model.audio_tokenizer.audio_flow_matching_decoder.conditional_decoder.down_blocks.0.1.2.ff.net.0.proj.weight	model-00015-of-00015.safetensors
model.audio_tokenizer.audio_flow_matching_decoder.conditional_decoder.down_blocks.0.1.2.ff.net.2.bias	model-00015-of-00015.safetensors
model.audio_tokenizer.audio_flow_matching_decoder.conditional_decoder.down_blocks.0.1.2.ff.net.2.weight	model-00015-of-00015.safetensors
model.audio_tokenizer.audio_flow_matching_decoder.conditional_decoder.down_blocks.0.1.2.norm1.bias	model-00015-of-00015.safetensors
model.audio_tokenizer.audio_flow_matching_decoder.conditional_decoder.down_blocks.0.1.2.norm1.weight	model-00015-of-00015.safetensors
model.audio_tokenizer.audio_flow_matching_decoder.conditional_decoder.down_blocks.0.1.2.norm3.bias	model-00015-of-00015.safetensors
model.audio_tokenizer.audio_flow_matching_decoder.conditional_decoder.down_blocks.0.1.2.norm3.weight	model-00015-of-00015.safetensors
model.audio_tokenizer.audio_flow_matching_decoder.conditional_decoder.down_blocks.0.1.3.attn1.to_k.weight	model-00015-of-00015.safetensors
model.audio_tokenizer.audio_flow_matching_decoder.conditional_decoder.down_blocks.0.1.3.attn1.to_out.0.bias	model-00015-of-00015.safetensors
model.audio_tokenizer.audio_flow_matching_decoder.conditional_decoder.down_blocks.0.1.3.attn1.to_out.0.weight	model-00015-of-00015.safetensors
model.audio_tokenizer.audio_flow_matching_decoder.conditional_decoder.down_blocks.0.1.3.attn1.to_q.weight	model-00015-of-00015.safetensors
model.audio_tokenizer.audio_flow_matching_decoder.conditional_decoder.down_blocks.0.1.3.attn1.to_v.weight	model-00015-of-00015.safetensors
model.audio_tokenizer.audio_flow_matching_decoder.conditional_decoder.down_blocks.0.1.3.ff.net.0.proj.bias	model-00015-of-00015.safetensors
model.audio_tokenizer.audio_flow_matching_decoder.conditional_decoder.down_blocks.0.1.3.ff.net.0.proj.weight	model-00015-of-00015.safetensors
model.audio_tokenizer.audio_flow_matching_decoder.conditional_decoder.down_blocks.0.1.3.ff.net.2.bias	model-00015-of-00015.safetensors
model.audio_tokenizer.audio_flow_matching_decoder.conditional_decoder.down_blocks.0.1.3.ff.net.2.weight	model-00015-of-00015.safetensors
model.audio_tokenizer.audio_flow_matching_decoder.conditional_decoder.down_blocks.0.1.3.norm1.bias	model-00015-of-00015.safetensors
model.audio_tokenizer.audio_flow_matching_decoder.conditional_decoder.down_blocks.0.1.3.norm1.weight	model-00015-of-00015.safetensors
model.audio_tokenizer.audio_flow_matching_decoder.conditional_decoder.down_blocks.0.1.3.norm3.bias	model-00015-of-00015.safetensors
model.audio_tokenizer.audio_flow_matching_decoder.conditional_decoder.down_blocks.0.1.3.norm3.weight	model-00015-of-00015.safetensors
model.audio_tokenizer.audio_flow_matching_decoder.conditional_decoder.down_blocks.0.2.bias	model-00015-of-00015.safetensors
model.audio_tokenizer.audio_flow_matching_decoder.conditional_decoder.down_blocks.0.2.weight	model-00015-of-00015.safetensors
model.audio_tokenizer.audio_flow_matching_decoder.conditional_decoder.final_block.block.0.bias	model-00015-of-00015.safetensors
model.audio_tokenizer.audio_flow_matching_decoder.conditional_decoder.final_block.block.0.weight	model-00015-of-00015.safetensors
model.audio_tokenizer.audio_flow_matching_decoder.conditional_decoder.final_block.block.2.bias	model-00015-of-00015.safetensors
model.audio_tokenizer.audio_flow_matching_decoder.conditional_decoder.final_block.block.2.weight	model-00015-of-00015.safetensors
model.audio_tokenizer.audio_flow_matching_decoder.conditional_decoder.final_proj.bias	model-00015-of-00015.safetensors
model.audio_tokenizer.audio_flow_matching_decoder.conditional_decoder.final_proj.weight	model-00015-of-00015.safetensors
model.audio_tokenizer.audio_flow_matching_decoder.conditional_decoder.mid_blocks.0.0.block1.block.0.bias	model-00015-of-00015.safetensors
model.audio_tokenizer.audio_flow_matching_decoder.conditional_decoder.mid_blocks.0.0.block1.block.0.weight	model-00015-of-00015.safetensors
model.audio_tokenizer.audio_flow_matching_decoder.conditional_decoder.mid_blocks.0.0.block1.block.2.bias	model-00015-of-00015.safetensors
model.audio_tokenizer.audio_flow_matching_decoder.conditional_decoder.mid_blocks.0.0.block1.block.2.weight	model-00015-of-00015.safetensors
model.audio_tokenizer.audio_flow_matching_decoder.conditional_decoder.mid_blocks.0.0.block2.block.0.bias	model-00015-of-00015.safetensors
model.audio_tokenizer.audio_flow_matching_decoder.conditional_decoder.mid_blocks.0.0.block2.block.0.weight	model-00015-of-00015.safetensors
model.audio_tokenizer.audio_flow_matching_decoder.conditional_decoder.mid_blocks.0.0.block2.block.2.bias	model-00015-of-00015.safetensors
model.audio_tokenizer.audio_flow_matching_decoder.conditional_decoder.mid_blocks.0.0.block2.block.2.weight	model-00015-of-00015.safetensors
model.audio_tokenizer.audio_flow_matching_decoder.conditional_decoder.mid_blocks.0.0.mlp.1.bias	model-00015-of-00015.safetensors
model.audio_tokenizer.audio_flow_matching_decoder.conditional_decoder.mid_blocks.0.0.mlp.1.weight	model-00015-of-00015.safetensors
model.audio_tokenizer.audio_flow_matching_decoder.conditional_decoder.mid_blocks.0.0.res_conv.bias	model-00015-of-00015.safetensors
model.audio_tokenizer.audio_flow_matching_decoder.conditional_decoder.mid_blocks.0.0.res_conv.weight	model-00015-of-00015.safetensors
model.audio_tokenizer.audio_flow_matching_decoder.conditional_decoder.mid_blocks.0.1.0.attn1.to_k.weight	model-00015-of-00015.safetensors
model.audio_tokenizer.audio_flow_matching_decoder.conditional_decoder.mid_blocks.0.1.0.attn1.to_out.0.bias	model-00015-of-00015.safetensors
model.audio_tokenizer.audio_flow_matching_decoder.conditional_decoder.mid_blocks.0.1.0.attn1.to_out.0.weight	model-00015-of-00015.safetensors
model.audio_tokenizer.audio_flow_matching_decoder.conditional_decoder.mid_blocks.0.1.0.attn1.to_q.weight	model-00015-of-00015.safetensors
model.audio_tokenizer.audio_flow_matching_decoder.conditional_decoder.mid_blocks.0.1.0.attn1.to_v.weight	model-00015-of-00015.safetensors
model.audio_tokenizer.audio_flow_matching_decoder.conditional_decoder.mid_blocks.0.1.0.ff.net.0.proj.bias	model-00015-of-00015.safetensors
model.audio_tokenizer.audio_flow_matching_decoder.conditional_decoder.mid_blocks.0.1.0.ff.net.0.proj.weight	model-00015-of-00015.safetensors
model.audio_tokenizer.audio_flow_matching_decoder.conditional_decoder.mid_blocks.0.1.0.ff.net.2.bias	model-00015-of-00015.safetensors
model.audio_tokenizer.audio_flow_matching_decoder.conditional_decoder.mid_blocks.0.1.0.ff.net.2.weight	model-00015-of-00015.safetensors
model.audio_tokenizer.audio_flow_matching_decoder.conditional_decoder.mid_blocks.0.1.0.norm1.bias	model-00015-of-00015.safetensors
model.audio_tokenizer.audio_flow_matching_decoder.conditional_decoder.mid_blocks.0.1.0.norm1.weight	model-00015-of-00015.safetensors
model.audio_tokenizer.audio_flow_matching_decoder.conditional_decoder.mid_blocks.0.1.0.norm3.bias	model-00015-of-00015.safetensors
model.audio_tokenizer.audio_flow_matching_decoder.conditional_decoder.mid_blocks.0.1.0.norm3.weight	model-00015-of-00015.safetensors
model.audio_tokenizer.audio_flow_matching_decoder.conditional_decoder.mid_blocks.0.1.1.attn1.to_k.weight	model-00015-of-00015.safetensors
model.audio_tokenizer.audio_flow_matching_decoder.conditional_decoder.mid_blocks.0.1.1.attn1.to_out.0.bias	model-00015-of-00015.safetensors
model.audio_tokenizer.audio_flow_matching_decoder.conditional_decoder.mid_blocks.0.1.1.attn1.to_out.0.weight	model-00015-of-00015.safetensors
model.audio_tokenizer.audio_flow_matching_decoder.conditional_decoder.mid_blocks.0.1.1.attn1.to_q.weight	model-00015-of-00015.safetensors
model.audio_tokenizer.audio_flow_matching_decoder.conditional_decoder.mid_blocks.0.1.1.attn1.to_v.weight	model-00015-of-00015.safetensors
model.audio_tokenizer.audio_flow_matching_decoder.conditional_decoder.mid_blocks.0.1.1.ff.net.0.proj.bias	model-00015-of-00015.safetensors
model.audio_tokenizer.audio_flow_matching_decoder.conditional_decoder.mid_blocks.0.1.1.ff.net.0.proj.weight	model-00015-of-00015.safetensors
model.audio_tokenizer.audio_flow_matching_decoder.conditional_decoder.mid_blocks.0.1.1.ff.net.2.bias	model-00015-of-00015.safetensors
model.audio_tokenizer.audio_flow_matching_decoder.conditional_decoder.mid_blocks.0.1.1.ff.net.2.weight	model-00015-of-00015.safetensors
model.audio_tokenizer.audio_flow_matching_decoder.conditional_decoder.mid_blocks.0.1.1.norm1.bias	model-00015-of-00015.safetensors
model.audio_tokenizer.audio_flow_matching_decoder.conditional_decoder.mid_blocks.0.1.1.norm1.weight	model-00015-of-00015.safetensors
model.audio_tokenizer.audio_flow_matching_decoder.conditional_decoder.mid_blocks.0.1.1.norm3.bias	model-00015-of-00015.safetensors
model.audio_tokenizer.audio_flow_matching_decoder.conditional_decoder.mid_blocks.0.1.1.norm3.weight	model-00015-of-00015.safetensors
model.audio_tokenizer.audio_flow_matching_decoder.conditional_decoder.mid_blocks.0.1.2.attn1.to_k.weight	model-00015-of-00015.safetensors
model.audio_tokenizer.audio_flow_matching_decoder.conditional_decoder.mid_blocks.0.1.2.attn1.to_out.0.bias	model-00015-of-00015.safetensors
model.audio_tokenizer.audio_flow_matching_decoder.conditional_decoder.mid_blocks.0.1.2.attn1.to_out.0.weight	model-00015-of-00015.safetensors
model.audio_tokenizer.audio_flow_matching_decoder.conditional_decoder.mid_blocks.0.1.2.attn1.to_q.weight	model-00015-of-00015.safetensors
model.audio_tokenizer.audio_flow_matching_decoder.conditional_decoder.mid_blocks.0.1.2.attn1.to_v.weight	model-00015-of-00015.safetensors
model.audio_tokenizer.audio_flow_matching_decoder.conditional_decoder.mid_blocks.0.1.2.ff.net.0.proj.bias	model-00015-of-00015.safetensors
model.audio_tokenizer.audio_flow_matching_decoder.conditional_decoder.mid_blocks.0.1.2.ff.net.0.proj.weight	model-00015-of-00015.safetensors
model.audio_tokenizer.audio_flow_matching_decoder.conditional_decoder.mid_blocks.0.1.2.ff.net.2.bias	model-00015-of-00015.safetensors
model.audio_tokenizer.audio_flow_matching_decoder.conditional_decoder.mid_blocks.0.1.2.ff.net.2.weight	model-00015-of-00015.safetensors
model.audio_tokenizer.audio_flow_matching_decoder.conditional_decoder.mid_blocks.0.1.2.norm1.bias	model-00015-of-00015.safetensors
model.audio_tokenizer.audio_flow_matching_decoder.conditional_decoder.mid_blocks.0.1.2.norm1.weight	model-00015-of-00015.safetensors
model.audio_tokenizer.audio_flow_matching_decoder.conditional_decoder.mid_blocks.0.1.2.norm3.bias	model-00015-of-00015.safetensors
model.audio_tokenizer.audio_flow_matching_decoder.conditional_decoder.mid_blocks.0.1.2.norm3.weight	model-00015-of-00015.safetensors
model.audio_tokenizer.audio_flow_matching_decoder.conditional_decoder.mid_blocks.0.1.3.attn1.to_k.weight	model-00015-of-00015.safetensors
model.audio_tokenizer.audio_flow_matching_decoder.conditional_decoder.mid_blocks.0.1.3.attn1.to_out.0.bias	model-00015-of-00015.safetensors
model.audio_tokenizer.audio_flow_matching_decoder.conditional_decoder.mid_blocks.0.1.3.attn1.to_out.0.weight	model-00015-of-00015.safetensors
model.audio_tokenizer.audio_flow_matching_decoder.conditional_decoder.mid_blocks.0.1.3.attn1.to_q.weight	model-00015-of-00015.safetensors
model.audio_tokenizer.audio_flow_matching_decoder.conditional_decoder.mid_blocks.0.1.3.attn1.to_v.weight	model-00015-of-00015.safetensors
model.audio_tokenizer.audio_flow_matching_decoder.conditional_decoder.mid_blocks.0.1.3.ff.net.0.proj.bias	model-00015-of-00015.safetensors
model.audio_tokenizer.audio_flow_matching_decoder.conditional_decoder.mid_blocks.0.1.3.ff.net.0.proj.weight	model-00015-of-00015.safetensors
model.audio_tokenizer.audio_flow_matching_decoder.conditional_decoder.mid_blocks.0.1.3.ff.net.2.bias	model-00015-of-00015.safetensors
model.audio_tokenizer.audio_flow_matching_decoder.conditional_decoder.mid_blocks.0.1.3.ff.net.2.weight	model-00015-of-00015.safetensors
model.audio_tokenizer.audio_flow_matching_decoder.conditional_decoder.mid_blocks.0.1.3.norm1.bias	model-00015-of-00015.safetensors
model.audio_tokenizer.audio_flow_matching_decoder.conditional_decoder.mid_blocks.0.1.3.norm1.weight	model-00015-of-00015.safetensors
model.audio_tokenizer.audio_flow_matching_decoder.conditional_decoder.mid_blocks.0.1.3.norm3.bias	model-00015-of-00015.safetensors
model.audio_tokenizer.audio_flow_matching_decoder.conditional_decoder.mid_blocks.0.1.3.norm3.weight	model-00015-of-00015.safetensors
model.audio_tokenizer.audio_flow_matching_decoder.conditional_decoder.mid_blocks.1.0.block1.block.0.bias	model-00015-of-00015.safetensors
model.audio_tokenizer.audio_flow_matching_decoder.conditional_decoder.mid_blocks.1.0.block1.block.0.weight	model-00015-of-00015.safetensors
model.audio_tokenizer.audio_flow_matching_decoder.conditional_decoder.mid_blocks.1.0.block1.block.2.bias	model-00015-of-00015.safetensors
model.audio_tokenizer.audio_flow_matching_decoder.conditional_decoder.mid_blocks.1.0.block1.block.2.weight	model-00015-of-00015.safetensors
model.audio_tokenizer.audio_flow_matching_decoder.conditional_decoder.mid_blocks.1.0.block2.block.0.bias	model-00015-of-00015.safetensors
model.audio_tokenizer.audio_flow_matching_decoder.conditional_decoder.mid_blocks.1.0.block2.block.0.weight	model-00015-of-00015.safetensors
model.audio_tokenizer.audio_flow_matching_decoder.conditional_decoder.mid_blocks.1.0.block2.block.2.bias	model-00015-of-00015.safetensors
model.audio_tokenizer.audio_flow_matching_decoder.conditional_decoder.mid_blocks.1.0.block2.block.2.weight	model-00015-of-00015.safetensors
model.audio_tokenizer.audio_flow_matching_decoder.conditional_decoder.mid_blocks.1.0.mlp.1.bias	model-00015-of-00015.safetensors
model.audio_tokenizer.audio_flow_matching_decoder.conditional_decoder.mid_blocks.1.0.mlp.1.weight	model-00015-of-00015.safetensors
model.audio_tokenizer.audio_flow_matching_decoder.conditional_decoder.mid_blocks.1.0.res_conv.bias	model-00015-of-00015.safetensors
model.audio_tokenizer.audio_flow_matching_decoder.conditional_decoder.mid_blocks.1.0.res_conv.weight	model-00015-of-00015.safetensors
model.audio_tokenizer.audio_flow_matching_decoder.conditional_decoder.mid_blocks.1.1.0.attn1.to_k.weight	model-00015-of-00015.safetensors
model.audio_tokenizer.audio_flow_matching_decoder.conditional_decoder.mid_blocks.1.1.0.attn1.to_out.0.bias	model-00015-of-00015.safetensors
model.audio_tokenizer.audio_flow_matching_decoder.conditional_decoder.mid_blocks.1.1.0.attn1.to_out.0.weight	model-00015-of-00015.safetensors
model.audio_tokenizer.audio_flow_matching_decoder.conditional_decoder.mid_blocks.1.1.0.attn1.to_q.weight	model-00015-of-00015.safetensors
model.audio_tokenizer.audio_flow_matching_decoder.conditional_decoder.mid_blocks.1.1.0.attn1.to_v.weight	model-00015-of-00015.safetensors
model.audio_tokenizer.audio_flow_matching_decoder.conditional_decoder.mid_blocks.1.1.0.ff.net.0.proj.bias	model-00015-of-00015.safetensors
model.audio_tokenizer.audio_flow_matching_decoder.conditional_decoder.mid_blocks.1.1.0.ff.net.0.proj.weight	model-00015-of-00015.safetensors
model.audio_tokenizer.audio_flow_matching_decoder.conditional_decoder.mid_blocks.1.1.0.ff.net.2.bias	model-00015-of-00015.safetensors
model.audio_tokenizer.audio_flow_matching_decoder.conditional_decoder.mid_blocks.1.1.0.ff.net.2.weight	model-00015-of-00015.safetensors
model.audio_tokenizer.audio_flow_matching_decoder.conditional_decoder.mid_blocks.1.1.0.norm1.bias	model-00015-of-00015.safetensors
model.audio_tokenizer.audio_flow_matching_decoder.conditional_decoder.mid_blocks.1.1.0.norm1.weight	model-00015-of-00015.safetensors
model.audio_tokenizer.audio_flow_matching_decoder.conditional_decoder.mid_blocks.1.1.0.norm3.bias	model-00015-of-00015.safetensors
model.audio_tokenizer.audio_flow_matching_decoder.conditional_decoder.mid_blocks.1.1.0.norm3.weight	model-00015-of-00015.safetensors
model.audio_tokenizer.audio_flow_matching_decoder.conditional_decoder.mid_blocks.1.1.1.attn1.to_k.weight	model-00015-of-00015.safetensors
model.audio_tokenizer.audio_flow_matching_decoder.conditional_decoder.mid_blocks.1.1.1.attn1.to_out.0.bias	model-00015-of-00015.safetensors
model.audio_tokenizer.audio_flow_matching_decoder.conditional_decoder.mid_blocks.1.1.1.attn1.to_out.0.weight	model-00015-of-00015.safetensors
model.audio_tokenizer.audio_flow_matching_decoder.conditional_decoder.mid_blocks.1.1.1.attn1.to_q.weight	model-00015-of-00015.safetensors
model.audio_tokenizer.audio_flow_matching_decoder.conditional_decoder.mid_blocks.1.1.1.attn1.to_v.weight	model-00015-of-00015.safetensors
model.audio_tokenizer.audio_flow_matching_decoder.conditional_decoder.mid_blocks.1.1.1.ff.net.0.proj.bias	model-00015-of-00015.safetensors
model.audio_tokenizer.audio_flow_matching_decoder.conditional_decoder.mid_blocks.1.1.1.ff.net.0.proj.weight	model-00015-of-00015.safetensors
model.audio_tokenizer.audio_flow_matching_decoder.conditional_decoder.mid_blocks.1.1.1.ff.net.2.bias	model-00015-of-00015.safetensors
model.audio_tokenizer.audio_flow_matching_decoder.conditional_decoder.mid_blocks.1.1.1.ff.net.2.weight	model-00015-of-00015.safetensors
model.audio_tokenizer.audio_flow_matching_decoder.conditional_decoder.mid_blocks.1.1.1.norm1.bias	model-00015-of-00015.safetensors
model.audio_tokenizer.audio_flow_matching_decoder.conditional_decoder.mid_blocks.1.1.1.norm1.weight	model-00015-of-00015.safetensors
model.audio_tokenizer.audio_flow_matching_decoder.conditional_decoder.mid_blocks.1.1.1.norm3.bias	model-00015-of-00015.safetensors
model.audio_tokenizer.audio_flow_matching_decoder.conditional_decoder.mid_blocks.1.1.1.norm3.weight	model-00015-of-00015.safetensors
model.audio_tokenizer.audio_flow_matching_decoder.conditional_decoder.mid_blocks.1.1.2.attn1.to_k.weight	model-00015-of-00015.safetensors
model.audio_tokenizer.audio_flow_matching_decoder.conditional_decoder.mid_blocks.1.1.2.attn1.to_out.0.bias	model-00015-of-00015.safetensors
model.audio_tokenizer.audio_flow_matching_decoder.conditional_decoder.mid_blocks.1.1.2.attn1.to_out.0.weight	model-00015-of-00015.safetensors
model.audio_tokenizer.audio_flow_matching_decoder.conditional_decoder.mid_blocks.1.1.2.attn1.to_q.weight	model-00015-of-00015.safetensors
model.audio_tokenizer.audio_flow_matching_decoder.conditional_decoder.mid_blocks.1.1.2.attn1.to_v.weight	model-00015-of-00015.safetensors
model.audio_tokenizer.audio_flow_matching_decoder.conditional_decoder.mid_blocks.1.1.2.ff.net.0.proj.bias	model-00015-of-00015.safetensors
model.audio_tokenizer.audio_flow_matching_decoder.conditional_decoder.mid_blocks.1.1.2.ff.net.0.proj.weight	model-00015-of-00015.safetensors
model.audio_tokenizer.audio_flow_matching_decoder.conditional_decoder.mid_blocks.1.1.2.ff.net.2.bias	model-00015-of-00015.safetensors
model.audio_tokenizer.audio_flow_matching_decoder.conditional_decoder.mid_blocks.1.1.2.ff.net.2.weight	model-00015-of-00015.safetensors
model.audio_tokenizer.audio_flow_matching_decoder.conditional_decoder.mid_blocks.1.1.2.norm1.bias	model-00015-of-00015.safetensors
model.audio_tokenizer.audio_flow_matching_decoder.conditional_decoder.mid_blocks.1.1.2.norm1.weight	model-00015-of-00015.safetensors
model.audio_tokenizer.audio_flow_matching_decoder.conditional_decoder.mid_blocks.1.1.2.norm3.bias	model-00015-of-00015.safetensors
model.audio_tokenizer.audio_flow_matching_decoder.conditional_decoder.mid_blocks.1.1.2.norm3.weight	model-00015-of-00015.safetensors
model.audio_tokenizer.audio_flow_matching_decoder.conditional_decoder.mid_blocks.1.1.3.attn1.to_k.weight	model-00015-of-00015.safetensors
model.audio_tokenizer.audio_flow_matching_decoder.conditional_decoder.mid_blocks.1.1.3.attn1.to_out.0.bias	model-00015-of-00015.safetensors
model.audio_tokenizer.audio_flow_matching_decoder.conditional_decoder.mid_blocks.1.1.3.attn1.to_out.0.weight	model-00015-of-00015.safetensors
model.audio_tokenizer.audio_flow_matching_decoder.conditional_decoder.mid_blocks.1.1.3.attn1.to_q.weight	model-00015-of-00015.safetensors
model.audio_tokenizer.audio_flow_matching_decoder.conditional_decoder.mid_blocks.1.1.3.attn1.to_v.weight	model-00015-of-00015.safetensors
model.audio_tokenizer.audio_flow_matching_decoder.conditional_decoder.mid_blocks.1.1.3.ff.net.0.proj.bias	model-00015-of-00015.safetensors
model.audio_tokenizer.audio_flow_matching_decoder.conditional_decoder.mid_blocks.1.1.3.ff.net.0.proj.weight	model-00015-of-00015.safetensors
model.audio_tokenizer.audio_flow_matching_decoder.conditional_decoder.mid_blocks.1.1.3.ff.net.2.bias	model-00015-of-00015.safetensors
model.audio_tokenizer.audio_flow_matching_decoder.conditional_decoder.mid_blocks.1.1.3.ff.net.2.weight	model-00015-of-00015.safetensors
model.audio_tokenizer.audio_flow_matching_decoder.conditional_decoder.mid_blocks.1.1.3.norm1.bias	model-00015-of-00015.safetensors
model.audio_tokenizer.audio_flow_matching_decoder.conditional_decoder.mid_blocks.1.1.3.norm1.weight	model-00015-of-00015.safetensors
model.audio_tokenizer.audio_flow_matching_decoder.conditional_decoder.mid_blocks.1.1.3.norm3.bias	model-00015-of-00015.safetensors
model.audio_tokenizer.audio_flow_matching_decoder.conditional_decoder.mid_blocks.1.1.3.norm3.weight	model-00015-of-00015.safetensors
model.audio_tokenizer.audio_flow_matching_decoder.conditional_decoder.mid_blocks.10.0.block1.block.0.bias	model-00015-of-00015.safetensors
model.audio_tokenizer.audio_flow_matching_decoder.conditional_decoder.mid_blocks.10.0.block1.block.0.weight	model-00015-of-00015.safetensors
model.audio_tokenizer.audio_flow_matching_decoder.conditional_decoder.mid_blocks.10.0.block1.block.2.bias	model-00015-of-00015.safetensors
model.audio_tokenizer.audio_flow_matching_decoder.conditional_decoder.mid_blocks.10.0.block1.block.2.weight	model-00015-of-00015.safetensors
model.audio_tokenizer.audio_flow_matching_decoder.conditional_decoder.mid_blocks.10.0.block2.block.0.bias	model-00015-of-00015.safetensors
model.audio_tokenizer.audio_flow_matching_decoder.conditional_decoder.mid_blocks.10.0.block2.block.0.weight	model-00015-of-00015.safetensors
model.audio_tokenizer.audio_flow_matching_decoder.conditional_decoder.mid_blocks.10.0.block2.block.2.bias	model-00015-of-00015.safetensors
model.audio_tokenizer.audio_flow_matching_decoder.conditional_decoder.mid_blocks.10.0.block2.block.2.weight	model-00015-of-00015.safetensors
model.audio_tokenizer.audio_flow_matching_decoder.conditional_decoder.mid_blocks.10.0.mlp.1.bias	model-00015-of-00015.safetensors
model.audio_tokenizer.audio_flow_matching_decoder.conditional_decoder.mid_blocks.10.0.mlp.1.weight	model-00015-of-00015.safetensors
model.audio_tokenizer.audio_flow_matching_decoder.conditional_decoder.mid_blocks.10.0.res_conv.bias	model-00015-of-00015.safetensors
model.audio_tokenizer.audio_flow_matching_decoder.conditional_decoder.mid_blocks.10.0.res_conv.weight	model-00015-of-00015.safetensors
model.audio_tokenizer.audio_flow_matching_decoder.conditional_decoder.mid_blocks.10.1.0.attn1.to_k.weight	model-00015-of-00015.safetensors
model.audio_tokenizer.audio_flow_matching_decoder.conditional_decoder.mid_blocks.10.1.0.attn1.to_out.0.bias	model-00015-of-00015.safetensors
model.audio_tokenizer.audio_flow_matching_decoder.conditional_decoder.mid_blocks.10.1.0.attn1.to_out.0.weight	model-00015-of-00015.safetensors
model.audio_tokenizer.audio_flow_matching_decoder.conditional_decoder.mid_blocks.10.1.0.attn1.to_q.weight	model-00015-of-00015.safetensors
model.audio_tokenizer.audio_flow_matching_decoder.conditional_decoder.mid_blocks.10.1.0.attn1.to_v.weight	model-00015-of-00015.safetensors
model.audio_tokenizer.audio_flow_matching_decoder.conditional_decoder.mid_blocks.10.1.0.ff.net.0.proj.bias	model-00015-of-00015.safetensors
model.audio_tokenizer.audio_flow_matching_decoder.conditional_decoder.mid_blocks.10.1.0.ff.net.0.proj.weight	model-00015-of-00015.safetensors
model.audio_tokenizer.audio_flow_matching_decoder.conditional_decoder.mid_blocks.10.1.0.ff.net.2.bias	model-00015-of-00015.safetensors
model.audio_tokenizer.audio_flow_matching_decoder.conditional_decoder.mid_blocks.10.1.0.ff.net.2.weight	model-00015-of-00015.safetensors
model.audio_tokenizer.audio_flow_matching_decoder.conditional_decoder.mid_blocks.10.1.0.norm1.bias	model-00015-of-00015.safetensors
model.audio_tokenizer.audio_flow_matching_decoder.conditional_decoder.mid_blocks.10.1.0.norm1.weight	model-00015-of-00015.safetensors
model.audio_tokenizer.audio_flow_matching_decoder.conditional_decoder.mid_blocks.10.1.0.norm3.bias	model-00015-of-00015.safetensors
model.audio_tokenizer.audio_flow_matching_decoder.conditional_decoder.mid_blocks.10.1.0.norm3.weight	model-00015-of-00015.safetensors
model.audio_tokenizer.audio_flow_matching_decoder.conditional_decoder.mid_blocks.10.1.1.attn1.to_k.weight	model-00015-of-00015.safetensors
model.audio_tokenizer.audio_flow_matching_decoder.conditional_decoder.mid_blocks.10.1.1.attn1.to_out.0.bias	model-00015-of-00015.safetensors
model.audio_tokenizer.audio_flow_matching_decoder.conditional_decoder.mid_blocks.10.1.1.attn1.to_out.0.weight	model-00015-of-00015.safetensors
model.audio_tokenizer.audio_flow_matching_decoder.conditional_decoder.mid_blocks.10.1.1.attn1.to_q.weight	model-00015-of-00015.safetensors
model.audio_tokenizer.audio_flow_matching_decoder.conditional_decoder.mid_blocks.10.1.1.attn1.to_v.weight	model-00015-of-00015.safetensors
model.audio_tokenizer.audio_flow_matching_decoder.conditional_decoder.mid_blocks.10.1.1.ff.net.0.proj.bias	model-00015-of-00015.safetensors
model.audio_tokenizer.audio_flow_matching_decoder.conditional_decoder.mid_blocks.10.1.1.ff.net.0.proj.weight	model-00015-of-00015.safetensors
model.audio_tokenizer.audio_flow_matching_decoder.conditional_decoder.mid_blocks.10.1.1.ff.net.2.bias	model-00015-of-00015.safetensors
model.audio_tokenizer.audio_flow_matching_decoder.conditional_decoder.mid_blocks.10.1.1.ff.net.2.weight	model-00015-of-00015.safetensors
model.audio_tokenizer.audio_flow_matching_decoder.conditional_decoder.mid_blocks.10.1.1.norm1.bias	model-00015-of-00015.safetensors
model.audio_tokenizer.audio_flow_matching_decoder.conditional_decoder.mid_blocks.10.1.1.norm1.weight	model-00015-of-00015.safetensors
model.audio_tokenizer.audio_flow_matching_decoder.conditional_decoder.mid_blocks.10.1.1.norm3.bias	model-00015-of-00015.safetensors
model.audio_tokenizer.audio_flow_matching_decoder.conditional_decoder.mid_blocks.10.1.1.norm3.weight	model-00015-of-00015.safetensors
model.audio_tokenizer.audio_flow_matching_decoder.conditional_decoder.mid_blocks.10.1.2.attn1.to_k.weight	model-00015-of-00015.safetensors
model.audio_tokenizer.audio_flow_matching_decoder.conditional_decoder.mid_blocks.10.1.2.attn1.to_out.0.bias	model-00015-of-00015.safetensors
model.audio_tokenizer.audio_flow_matching_decoder.conditional_decoder.mid_blocks.10.1.2.attn1.to_out.0.weight	model-00015-of-00015.safetensors
model.audio_tokenizer.audio_flow_matching_decoder.conditional_decoder.mid_blocks.10.1.2.attn1.to_q.weight	model-00015-of-00015.safetensors
model.audio_tokenizer.audio_flow_matching_decoder.conditional_decoder.mid_blocks.10.1.2.attn1.to_v.weight	model-00015-of-00015.safetensors
model.audio_tokenizer.audio_flow_matching_decoder.conditional_decoder.mid_blocks.10.1.2.ff.net.0.proj.bias	model-00015-of-00015.safetensors
model.audio_tokenizer.audio_flow_matching_decoder.conditional_decoder.mid_blocks.10.1.2.ff.net.0.proj.weight	model-00015-of-00015.safetensors
model.audio_tokenizer.audio_flow_matching_decoder.conditional_decoder.mid_blocks.10.1.2.ff.net.2.bias	model-00015-of-00015.safetensors
model.audio_tokenizer.audio_flow_matching_decoder.conditional_decoder.mid_blocks.10.1.2.ff.net.2.weight	model-00015-of-00015.safetensors
model.audio_tokenizer.audio_flow_matching_decoder.conditional_decoder.mid_blocks.10.1.2.norm1.bias	model-00015-of-00015.safetensors
model.audio_tokenizer.audio_flow_matching_decoder.conditional_decoder.mid_blocks.10.1.2.norm1.weight	model-00015-of-00015.safetensors
model.audio_tokenizer.audio_flow_matching_decoder.conditional_decoder.mid_blocks.10.1.2.norm3.bias	model-00015-of-00015.safetensors
model.audio_tokenizer.audio_flow_matching_decoder.conditional_decoder.mid_blocks.10.1.2.norm3.weight	model-00015-of-00015.safetensors
model.audio_tokenizer.audio_flow_matching_decoder.conditional_decoder.mid_blocks.10.1.3.attn1.to_k.weight	model-00015-of-00015.safetensors
model.audio_tokenizer.audio_flow_matching_decoder.conditional_decoder.mid_blocks.10.1.3.attn1.to_out.0.bias	model-00015-of-00015.safetensors
model.audio_tokenizer.audio_flow_matching_decoder.conditional_decoder.mid_blocks.10.1.3.attn1.to_out.0.weight	model-00015-of-00015.safetensors
model.audio_tokenizer.audio_flow_matching_decoder.conditional_decoder.mid_blocks.10.1.3.attn1.to_q.weight	model-00015-of-00015.safetensors
model.audio_tokenizer.audio_flow_matching_decoder.conditional_decoder.mid_blocks.10.1.3.attn1.to_v.weight	model-00015-of-00015.safetensors
model.audio_tokenizer.audio_flow_matching_decoder.conditional_decoder.mid_blocks.10.1.3.ff.net.0.proj.bias	model-00015-of-00015.safetensors
model.audio_tokenizer.audio_flow_matching_decoder.conditional_decoder.mid_blocks.10.1.3.ff.net.0.proj.weight	model-00015-of-00015.safetensors
model.audio_tokenizer.audio_flow_matching_decoder.conditional_decoder.mid_blocks.10.1.3.ff.net.2.bias	model-00015-of-00015.safetensors
model.audio_tokenizer.audio_flow_matching_decoder.conditional_decoder.mid_blocks.10.1.3.ff.net.2.weight	model-00015-of-00015.safetensors
model.audio_tokenizer.audio_flow_matching_decoder.conditional_decoder.mid_blocks.10.1.3.norm1.bias	model-00015-of-00015.safetensors
model.audio_tokenizer.audio_flow_matching_decoder.conditional_decoder.mid_blocks.10.1.3.norm1.weight	model-00015-of-00015.safetensors
model.audio_tokenizer.audio_flow_matching_decoder.conditional_decoder.mid_blocks.10.1.3.norm3.bias	model-00015-of-00015.safetensors
model.audio_tokenizer.audio_flow_matching_decoder.conditional_decoder.mid_blocks.10.1.3.norm3.weight	model-00015-of-00015.safetensors
model.audio_tokenizer.audio_flow_matching_decoder.conditional_decoder.mid_blocks.11.0.block1.block.0.bias	model-00015-of-00015.safetensors
model.audio_tokenizer.audio_flow_matching_decoder.conditional_decoder.mid_blocks.11.0.block1.block.0.weight	model-00015-of-00015.safetensors
model.audio_tokenizer.audio_flow_matching_decoder.conditional_decoder.mid_blocks.11.0.block1.block.2.bias	model-00015-of-00015.safetensors
model.audio_tokenizer.audio_flow_matching_decoder.conditional_decoder.mid_blocks.11.0.block1.block.2.weight	model-00015-of-00015.safetensors
model.audio_tokenizer.audio_flow_matching_decoder.conditional_decoder.mid_blocks.11.0.block2.block.0.bias	model-00015-of-00015.safetensors
model.audio_tokenizer.audio_flow_matching_decoder.conditional_decoder.mid_blocks.11.0.block2.block.0.weight	model-00015-of-00015.safetensors
model.audio_tokenizer.audio_flow_matching_decoder.conditional_decoder.mid_blocks.11.0.block2.block.2.bias	model-00015-of-00015.safetensors
model.audio_tokenizer.audio_flow_matching_decoder.conditional_decoder.mid_blocks.11.0.block2.block.2.weight	model-00015-of-00015.safetensors
model.audio_tokenizer.audio_flow_matching_decoder.conditional_decoder.mid_blocks.11.0.mlp.1.bias	model-00015-of-00015.safetensors
model.audio_tokenizer.audio_flow_matching_decoder.conditional_decoder.mid_blocks.11.0.mlp.1.weight	model-00015-of-00015.safetensors
model.audio_tokenizer.audio_flow_matching_decoder.conditional_decoder.mid_blocks.11.0.res_conv.bias	model-00015-of-00015.safetensors
model.audio_tokenizer.audio_flow_matching_decoder.conditional_decoder.mid_blocks.11.0.res_conv.weight	model-00015-of-00015.safetensors
model.audio_tokenizer.audio_flow_matching_decoder.conditional_decoder.mid_blocks.11.1.0.attn1.to_k.weight	model-00015-of-00015.safetensors
model.audio_tokenizer.audio_flow_matching_decoder.conditional_decoder.mid_blocks.11.1.0.attn1.to_out.0.bias	model-00015-of-00015.safetensors
model.audio_tokenizer.audio_flow_matching_decoder.conditional_decoder.mid_blocks.11.1.0.attn1.to_out.0.weight	model-00015-of-00015.safetensors
model.audio_tokenizer.audio_flow_matching_decoder.conditional_decoder.mid_blocks.11.1.0.attn1.to_q.weight	model-00015-of-00015.safetensors
model.audio_tokenizer.audio_flow_matching_decoder.conditional_decoder.mid_blocks.11.1.0.attn1.to_v.weight	model-00015-of-00015.safetensors
model.audio_tokenizer.audio_flow_matching_decoder.conditional_decoder.mid_blocks.11.1.0.ff.net.0.proj.bias	model-00015-of-00015.safetensors
model.audio_tokenizer.audio_flow_matching_decoder.conditional_decoder.mid_blocks.11.1.0.ff.net.0.proj.weight	model-00015-of-00015.safetensors
model.audio_tokenizer.audio_flow_matching_decoder.conditional_decoder.mid_blocks.11.1.0.ff.net.2.bias	model-00015-of-00015.safetensors
model.audio_tokenizer.audio_flow_matching_decoder.conditional_decoder.mid_blocks.11.1.0.ff.net.2.weight	model-00015-of-00015.safetensors
model.audio_tokenizer.audio_flow_matching_decoder.conditional_decoder.mid_blocks.11.1.0.norm1.bias	model-00015-of-00015.safetensors
model.audio_tokenizer.audio_flow_matching_decoder.conditional_decoder.mid_blocks.11.1.0.norm1.weight	model-00015-of-00015.safetensors
model.audio_tokenizer.audio_flow_matching_decoder.conditional_decoder.mid_blocks.11.1.0.norm3.bias	model-00015-of-00015.safetensors
model.audio_tokenizer.audio_flow_matching_decoder.conditional_decoder.mid_blocks.11.1.0.norm3.weight	model-00015-of-00015.safetensors
model.audio_tokenizer.audio_flow_matching_decoder.conditional_decoder.mid_blocks.11.1.1.attn1.to_k.weight	model-00015-of-00015.safetensors
model.audio_tokenizer.audio_flow_matching_decoder.conditional_decoder.mid_blocks.11.1.1.attn1.to_out.0.bias	model-00015-of-00015.safetensors
model.audio_tokenizer.audio_flow_matching_decoder.conditional_decoder.mid_blocks.11.1.1.attn1.to_out.0.weight	model-00015-of-00015.safetensors
model.audio_tokenizer.audio_flow_matching_decoder.conditional_decoder.mid_blocks.11.1.1.attn1.to_q.weight	model-00015-of-00015.safetensors
model.audio_tokenizer.audio_flow_matching_decoder.conditional_decoder.mid_blocks.11.1.1.attn1.to_v.weight	model-00015-of-00015.safetensors
model.audio_tokenizer.audio_flow_matching_decoder.conditional_decoder.mid_blocks.11.1.1.ff.net.0.proj.bias	model-00015-of-00015.safetensors
model.audio_tokenizer.audio_flow_matching_decoder.conditional_decoder.mid_blocks.11.1.1.ff.net.0.proj.weight	model-00015-of-00015.safetensors
model.audio_tokenizer.audio_flow_matching_decoder.conditional_decoder.mid_blocks.11.1.1.ff.net.2.bias	model-00015-of-00015.safetensors
model.audio_tokenizer.audio_flow_matching_decoder.conditional_decoder.mid_blocks.11.1.1.ff.net.2.weight	model-00015-of-00015.safetensors
model.audio_tokenizer.audio_flow_matching_decoder.conditional_decoder.mid_blocks.11.1.1.norm1.bias	model-00015-of-00015.safetensors
model.audio_tokenizer.audio_flow_matching_decoder.conditional_decoder.mid_blocks.11.1.1.norm1.weight	model-00015-of-00015.safetensors
model.audio_tokenizer.audio_flow_matching_decoder.conditional_decoder.mid_blocks.11.1.1.norm3.bias	model-00015-of-00015.safetensors
model.audio_tokenizer.audio_flow_matching_decoder.conditional_decoder.mid_blocks.11.1.1.norm3.weight	model-00015-of-00015.safetensors
model.audio_tokenizer.audio_flow_matching_decoder.conditional_decoder.mid_blocks.11.1.2.attn1.to_k.weight	model-00015-of-00015.safetensors
model.audio_tokenizer.audio_flow_matching_decoder.conditional_decoder.mid_blocks.11.1.2.attn1.to_out.0.bias	model-00015-of-00015.safetensors
model.audio_tokenizer.audio_flow_matching_decoder.conditional_decoder.mid_blocks.11.1.2.attn1.to_out.0.weight	model-00015-of-00015.safetensors
model.audio_tokenizer.audio_flow_matching_decoder.conditional_decoder.mid_blocks.11.1.2.attn1.to_q.weight	model-00015-of-00015.safetensors
model.audio_tokenizer.audio_flow_matching_decoder.conditional_decoder.mid_blocks.11.1.2.attn1.to_v.weight	model-00015-of-00015.safetensors
model.audio_tokenizer.audio_flow_matching_decoder.conditional_decoder.mid_blocks.11.1.2.ff.net.0.proj.bias	model-00015-of-00015.safetensors
model.audio_tokenizer.audio_flow_matching_decoder.conditional_decoder.mid_blocks.11.1.2.ff.net.0.proj.weight	model-00015-of-00015.safetensors
model.audio_tokenizer.audio_flow_matching_decoder.conditional_decoder.mid_blocks.11.1.2.ff.net.2.bias	model-00015-of-00015.safetensors
model.audio_tokenizer.audio_flow_matching_decoder.conditional_decoder.mid_blocks.11.1.2.ff.net.2.weight	model-00015-of-00015.safetensors
model.audio_tokenizer.audio_flow_matching_decoder.conditional_decoder.mid_blocks.11.1.2.norm1.bias	model-00015-of-00015.safetensors
model.audio_tokenizer.audio_flow_matching_decoder.conditional_decoder.mid_blocks.11.1.2.norm1.weight	model-00015-of-00015.safetensors
model.audio_tokenizer.audio_flow_matching_decoder.conditional_decoder.mid_blocks.11.1.2.norm3.bias	model-00015-of-00015.safetensors
model.audio_tokenizer.audio_flow_matching_decoder.conditional_decoder.mid_blocks.11.1.2.norm3.weight	model-00015-of-00015.safetensors
model.audio_tokenizer.audio_flow_matching_decoder.conditional_decoder.mid_blocks.11.1.3.attn1.to_k.weight	model-00015-of-00015.safetensors
model.audio_tokenizer.audio_flow_matching_decoder.conditional_decoder.mid_blocks.11.1.3.attn1.to_out.0.bias	model-00015-of-00015.safetensors
model.audio_tokenizer.audio_flow_matching_decoder.conditional_decoder.mid_blocks.11.1.3.attn1.to_out.0.weight	model-00015-of-00015.safetensors
model.audio_tokenizer.audio_flow_matching_decoder.conditional_decoder.mid_blocks.11.1.3.attn1.to_q.weight	model-00015-of-00015.safetensors
model.audio_tokenizer.audio_flow_matching_decoder.conditional_decoder.mid_blocks.11.1.3.attn1.to_v.weight	model-00015-of-00015.safetensors
model.audio_tokenizer.audio_flow_matching_decoder.conditional_decoder.mid_blocks.11.1.3.ff.net.0.proj.bias	model-00015-of-00015.safetensors
model.audio_tokenizer.audio_flow_matching_decoder.conditional_decoder.mid_blocks.11.1.3.ff.net.0.proj.weight	model-00015-of-00015.safetensors
model.audio_tokenizer.audio_flow_matching_decoder.conditional_decoder.mid_blocks.11.1.3.ff.net.2.bias	model-00015-of-00015.safetensors
model.audio_tokenizer.audio_flow_matching_decoder.conditional_decoder.mid_blocks.11.1.3.ff.net.2.weight	model-00015-of-00015.safetensors
model.audio_tokenizer.audio_flow_matching_decoder.conditional_decoder.mid_blocks.11.1.3.norm1.bias	model-00015-of-00015.safetensors
model.audio_tokenizer.audio_flow_matching_decoder.conditional_decoder.mid_blocks.11.1.3.norm1.weight	model-00015-of-00015.safetensors
model.audio_tokenizer.audio_flow_matching_decoder.conditional_decoder.mid_blocks.11.1.3.norm3.bias	model-00015-of-00015.safetensors
model.audio_tokenizer.audio_flow_matching_decoder.conditional_decoder.mid_blocks.11.1.3.norm3.weight	model-00015-of-00015.safetensors
model.audio_tokenizer.audio_flow_matching_decoder.conditional_decoder.mid_blocks.2.0.block1.block.0.bias	model-00015-of-00015.safetensors
model.audio_tokenizer.audio_flow_matching_decoder.conditional_decoder.mid_blocks.2.0.block1.block.0.weight	model-00015-of-00015.safetensors
model.audio_tokenizer.audio_flow_matching_decoder.conditional_decoder.mid_blocks.2.0.block1.block.2.bias	model-00015-of-00015.safetensors
model.audio_tokenizer.audio_flow_matching_decoder.conditional_decoder.mid_blocks.2.0.block1.block.2.weight	model-00015-of-00015.safetensors
model.audio_tokenizer.audio_flow_matching_decoder.conditional_decoder.mid_blocks.2.0.block2.block.0.bias	model-00015-of-00015.safetensors
model.audio_tokenizer.audio_flow_matching_decoder.conditional_decoder.mid_blocks.2.0.block2.block.0.weight	model-00015-of-00015.safetensors
model.audio_tokenizer.audio_flow_matching_decoder.conditional_decoder.mid_blocks.2.0.block2.block.2.bias	model-00015-of-00015.safetensors
model.audio_tokenizer.audio_flow_matching_decoder.conditional_decoder.mid_blocks.2.0.block2.block.2.weight	model-00015-of-00015.safetensors
model.audio_tokenizer.audio_flow_matching_decoder.conditional_decoder.mid_blocks.2.0.mlp.1.bias	model-00015-of-00015.safetensors
model.audio_tokenizer.audio_flow_matching_decoder.conditional_decoder.mid_blocks.2.0.mlp.1.weight	model-00015-of-00015.safetensors
model.audio_tokenizer.audio_flow_matching_decoder.conditional_decoder.mid_blocks.2.0.res_conv.bias	model-00015-of-00015.safetensors
model.audio_tokenizer.audio_flow_matching_decoder.conditional_decoder.mid_blocks.2.0.res_conv.weight	model-00015-of-00015.safetensors
model.audio_tokenizer.audio_flow_matching_decoder.conditional_decoder.mid_blocks.2.1.0.attn1.to_k.weight	model-00015-of-00015.safetensors
model.audio_tokenizer.audio_flow_matching_decoder.conditional_decoder.mid_blocks.2.1.0.attn1.to_out.0.bias	model-00015-of-00015.safetensors
model.audio_tokenizer.audio_flow_matching_decoder.conditional_decoder.mid_blocks.2.1.0.attn1.to_out.0.weight	model-00015-of-00015.safetensors
model.audio_tokenizer.audio_flow_matching_decoder.conditional_decoder.mid_blocks.2.1.0.attn1.to_q.weight	model-00015-of-00015.safetensors
model.audio_tokenizer.audio_flow_matching_decoder.conditional_decoder.mid_blocks.2.1.0.attn1.to_v.weight	model-00015-of-00015.safetensors
model.audio_tokenizer.audio_flow_matching_decoder.conditional_decoder.mid_blocks.2.1.0.ff.net.0.proj.bias	model-00015-of-00015.safetensors
model.audio_tokenizer.audio_flow_matching_decoder.conditional_decoder.mid_blocks.2.1.0.ff.net.0.proj.weight	model-00015-of-00015.safetensors
model.audio_tokenizer.audio_flow_matching_decoder.conditional_decoder.mid_blocks.2.1.0.ff.net.2.bias	model-00015-of-00015.safetensors
model.audio_tokenizer.audio_flow_matching_decoder.conditional_decoder.mid_blocks.2.1.0.ff.net.2.weight	model-00015-of-00015.safetensors
model.audio_tokenizer.audio_flow_matching_decoder.conditional_decoder.mid_blocks.2.1.0.norm1.bias	model-00015-of-00015.safetensors
model.audio_tokenizer.audio_flow_matching_decoder.conditional_decoder.mid_blocks.2.1.0.norm1.weight	model-00015-of-00015.safetensors
model.audio_tokenizer.audio_flow_matching_decoder.conditional_decoder.mid_blocks.2.1.0.norm3.bias	model-00015-of-00015.safetensors
model.audio_tokenizer.audio_flow_matching_decoder.conditional_decoder.mid_blocks.2.1.0.norm3.weight	model-00015-of-00015.safetensors
model.audio_tokenizer.audio_flow_matching_decoder.conditional_decoder.mid_blocks.2.1.1.attn1.to_k.weight	model-00015-of-00015.safetensors
model.audio_tokenizer.audio_flow_matching_decoder.conditional_decoder.mid_blocks.2.1.1.attn1.to_out.0.bias	model-00015-of-00015.safetensors
model.audio_tokenizer.audio_flow_matching_decoder.conditional_decoder.mid_blocks.2.1.1.attn1.to_out.0.weight	model-00015-of-00015.safetensors
model.audio_tokenizer.audio_flow_matching_decoder.conditional_decoder.mid_blocks.2.1.1.attn1.to_q.weight	model-00015-of-00015.safetensors
model.audio_tokenizer.audio_flow_matching_decoder.conditional_decoder.mid_blocks.2.1.1.attn1.to_v.weight	model-00015-of-00015.safetensors
model.audio_tokenizer.audio_flow_matching_decoder.conditional_decoder.mid_blocks.2.1.1.ff.net.0.proj.bias	model-00015-of-00015.safetensors
model.audio_tokenizer.audio_flow_matching_decoder.conditional_decoder.mid_blocks.2.1.1.ff.net.0.proj.weight	model-00015-of-00015.safetensors
model.audio_tokenizer.audio_flow_matching_decoder.conditional_decoder.mid_blocks.2.1.1.ff.net.2.bias	model-00015-of-00015.safetensors
model.audio_tokenizer.audio_flow_matching_decoder.conditional_decoder.mid_blocks.2.1.1.ff.net.2.weight	model-00015-of-00015.safetensors
model.audio_tokenizer.audio_flow_matching_decoder.conditional_decoder.mid_blocks.2.1.1.norm1.bias	model-00015-of-00015.safetensors
model.audio_tokenizer.audio_flow_matching_decoder.conditional_decoder.mid_blocks.2.1.1.norm1.weight	model-00015-of-00015.safetensors
model.audio_tokenizer.audio_flow_matching_decoder.conditional_decoder.mid_blocks.2.1.1.norm3.bias	model-00015-of-00015.safetensors
model.audio_tokenizer.audio_flow_matching_decoder.conditional_decoder.mid_blocks.2.1.1.norm3.weight	model-00015-of-00015.safetensors
model.audio_tokenizer.audio_flow_matching_decoder.conditional_decoder.mid_blocks.2.1.2.attn1.to_k.weight	model-00015-of-00015.safetensors
model.audio_tokenizer.audio_flow_matching_decoder.conditional_decoder.mid_blocks.2.1.2.attn1.to_out.0.bias	model-00015-of-00015.safetensors
model.audio_tokenizer.audio_flow_matching_decoder.conditional_decoder.mid_blocks.2.1.2.attn1.to_out.0.weight	model-00015-of-00015.safetensors
model.audio_tokenizer.audio_flow_matching_decoder.conditional_decoder.mid_blocks.2.1.2.attn1.to_q.weight	model-00015-of-00015.safetensors
model.audio_tokenizer.audio_flow_matching_decoder.conditional_decoder.mid_blocks.2.1.2.attn1.to_v.weight	model-00015-of-00015.safetensors
model.audio_tokenizer.audio_flow_matching_decoder.conditional_decoder.mid_blocks.2.1.2.ff.net.0.proj.bias	model-00015-of-00015.safetensors
model.audio_tokenizer.audio_flow_matching_decoder.conditional_decoder.mid_blocks.2.1.2.ff.net.0.proj.weight	model-00015-of-00015.safetensors
model.audio_tokenizer.audio_flow_matching_decoder.conditional_decoder.mid_blocks.2.1.2.ff.net.2.bias	model-00015-of-00015.safetensors
model.audio_tokenizer.audio_flow_matching_decoder.conditional_decoder.mid_blocks.2.1.2.ff.net.2.weight	model-00015-of-00015.safetensors
model.audio_tokenizer.audio_flow_matching_decoder.conditional_decoder.mid_blocks.2.1.2.norm1.bias	model-00015-of-00015.safetensors
model.audio_tokenizer.audio_flow_matching_decoder.conditional_decoder.mid_blocks.2.1.2.norm1.weight	model-00015-of-00015.safetensors
model.audio_tokenizer.audio_flow_matching_decoder.conditional_decoder.mid_blocks.2.1.2.norm3.bias	model-00015-of-00015.safetensors
model.audio_tokenizer.audio_flow_matching_decoder.conditional_decoder.mid_blocks.2.1.2.norm3.weight	model-00015-of-00015.safetensors
model.audio_tokenizer.audio_flow_matching_decoder.conditional_decoder.mid_blocks.2.1.3.attn1.to_k.weight	model-00015-of-00015.safetensors
model.audio_tokenizer.audio_flow_matching_decoder.conditional_decoder.mid_blocks.2.1.3.attn1.to_out.0.bias	model-00015-of-00015.safetensors
model.audio_tokenizer.audio_flow_matching_decoder.conditional_decoder.mid_blocks.2.1.3.attn1.to_out.0.weight	model-00015-of-00015.safetensors
model.audio_tokenizer.audio_flow_matching_decoder.conditional_decoder.mid_blocks.2.1.3.attn1.to_q.weight	model-00015-of-00015.safetensors
model.audio_tokenizer.audio_flow_matching_decoder.conditional_decoder.mid_blocks.2.1.3.attn1.to_v.weight	model-00015-of-00015.safetensors
model.audio_tokenizer.audio_flow_matching_decoder.conditional_decoder.mid_blocks.2.1.3.ff.net.0.proj.bias	model-00015-of-00015.safetensors
model.audio_tokenizer.audio_flow_matching_decoder.conditional_decoder.mid_blocks.2.1.3.ff.net.0.proj.weight	model-00015-of-00015.safetensors
model.audio_tokenizer.audio_flow_matching_decoder.conditional_decoder.mid_blocks.2.1.3.ff.net.2.bias	model-00015-of-00015.safetensors
model.audio_tokenizer.audio_flow_matching_decoder.conditional_decoder.mid_blocks.2.1.3.ff.net.2.weight	model-00015-of-00015.safetensors
model.audio_tokenizer.audio_flow_matching_decoder.conditional_decoder.mid_blocks.2.1.3.norm1.bias	model-00015-of-00015.safetensors
model.audio_tokenizer.audio_flow_matching_decoder.conditional_decoder.mid_blocks.2.1.3.norm1.weight	model-00015-of-00015.safetensors
model.audio_tokenizer.audio_flow_matching_decoder.conditional_decoder.mid_blocks.2.1.3.norm3.bias	model-00015-of-00015.safetensors
model.audio_tokenizer.audio_flow_matching_decoder.conditional_decoder.mid_blocks.2.1.3.norm3.weight	model-00015-of-00015.safetensors
model.audio_tokenizer.audio_flow_matching_decoder.conditional_decoder.mid_blocks.3.0.block1.block.0.bias	model-00015-of-00015.safetensors
model.audio_tokenizer.audio_flow_matching_decoder.conditional_decoder.mid_blocks.3.0.block1.block.0.weight	model-00015-of-00015.safetensors
model.audio_tokenizer.audio_flow_matching_decoder.conditional_decoder.mid_blocks.3.0.block1.block.2.bias	model-00015-of-00015.safetensors
model.audio_tokenizer.audio_flow_matching_decoder.conditional_decoder.mid_blocks.3.0.block1.block.2.weight	model-00015-of-00015.safetensors
model.audio_tokenizer.audio_flow_matching_decoder.conditional_decoder.mid_blocks.3.0.block2.block.0.bias	model-00015-of-00015.safetensors
model.audio_tokenizer.audio_flow_matching_decoder.conditional_decoder.mid_blocks.3.0.block2.block.0.weight	model-00015-of-00015.safetensors
model.audio_tokenizer.audio_flow_matching_decoder.conditional_decoder.mid_blocks.3.0.block2.block.2.bias	model-00015-of-00015.safetensors
model.audio_tokenizer.audio_flow_matching_decoder.conditional_decoder.mid_blocks.3.0.block2.block.2.weight	model-00015-of-00015.safetensors
model.audio_tokenizer.audio_flow_matching_decoder.conditional_decoder.mid_blocks.3.0.mlp.1.bias	model-00015-of-00015.safetensors
model.audio_tokenizer.audio_flow_matching_decoder.conditional_decoder.mid_blocks.3.0.mlp.1.weight	model-00015-of-00015.safetensors
model.audio_tokenizer.audio_flow_matching_decoder.conditional_decoder.mid_blocks.3.0.res_conv.bias	model-00015-of-00015.safetensors
model.audio_tokenizer.audio_flow_matching_decoder.conditional_decoder.mid_blocks.3.0.res_conv.weight	model-00015-of-00015.safetensors
model.audio_tokenizer.audio_flow_matching_decoder.conditional_decoder.mid_blocks.3.1.0.attn1.to_k.weight	model-00015-of-00015.safetensors
model.audio_tokenizer.audio_flow_matching_decoder.conditional_decoder.mid_blocks.3.1.0.attn1.to_out.0.bias	model-00015-of-00015.safetensors
model.audio_tokenizer.audio_flow_matching_decoder.conditional_decoder.mid_blocks.3.1.0.attn1.to_out.0.weight	model-00015-of-00015.safetensors
model.audio_tokenizer.audio_flow_matching_decoder.conditional_decoder.mid_blocks.3.1.0.attn1.to_q.weight	model-00015-of-00015.safetensors
model.audio_tokenizer.audio_flow_matching_decoder.conditional_decoder.mid_blocks.3.1.0.attn1.to_v.weight	model-00015-of-00015.safetensors
model.audio_tokenizer.audio_flow_matching_decoder.conditional_decoder.mid_blocks.3.1.0.ff.net.0.proj.bias	model-00015-of-00015.safetensors
model.audio_tokenizer.audio_flow_matching_decoder.conditional_decoder.mid_blocks.3.1.0.ff.net.0.proj.weight	model-00015-of-00015.safetensors
model.audio_tokenizer.audio_flow_matching_decoder.conditional_decoder.mid_blocks.3.1.0.ff.net.2.bias	model-00015-of-00015.safetensors
model.audio_tokenizer.audio_flow_matching_decoder.conditional_decoder.mid_blocks.3.1.0.ff.net.2.weight	model-00015-of-00015.safetensors
model.audio_tokenizer.audio_flow_matching_decoder.conditional_decoder.mid_blocks.3.1.0.norm1.bias	model-00015-of-00015.safetensors
model.audio_tokenizer.audio_flow_matching_decoder.conditional_decoder.mid_blocks.3.1.0.norm1.weight	model-00015-of-00015.safetensors
model.audio_tokenizer.audio_flow_matching_decoder.conditional_decoder.mid_blocks.3.1.0.norm3.bias	model-00015-of-00015.safetensors
model.audio_tokenizer.audio_flow_matching_decoder.conditional_decoder.mid_blocks.3.1.0.norm3.weight	model-00015-of-00015.safetensors
model.audio_tokenizer.audio_flow_matching_decoder.conditional_decoder.mid_blocks.3.1.1.attn1.to_k.weight	model-00015-of-00015.safetensors
model.audio_tokenizer.audio_flow_matching_decoder.conditional_decoder.mid_blocks.3.1.1.attn1.to_out.0.bias	model-00015-of-00015.safetensors
model.audio_tokenizer.audio_flow_matching_decoder.conditional_decoder.mid_blocks.3.1.1.attn1.to_out.0.weight	model-00015-of-00015.safetensors
model.audio_tokenizer.audio_flow_matching_decoder.conditional_decoder.mid_blocks.3.1.1.attn1.to_q.weight	model-00015-of-00015.safetensors
model.audio_tokenizer.audio_flow_matching_decoder.conditional_decoder.mid_blocks.3.1.1.attn1.to_v.weight	model-00015-of-00015.safetensors
model.audio_tokenizer.audio_flow_matching_decoder.conditional_decoder.mid_blocks.3.1.1.ff.net.0.proj.bias	model-00015-of-00015.safetensors
model.audio_tokenizer.audio_flow_matching_decoder.conditional_decoder.mid_blocks.3.1.1.ff.net.0.proj.weight	model-00015-of-00015.safetensors
model.audio_tokenizer.audio_flow_matching_decoder.conditional_decoder.mid_blocks.3.1.1.ff.net.2.bias	model-00015-of-00015.safetensors
model.audio_tokenizer.audio_flow_matching_decoder.conditional_decoder.mid_blocks.3.1.1.ff.net.2.weight	model-00015-of-00015.safetensors
model.audio_tokenizer.audio_flow_matching_decoder.conditional_decoder.mid_blocks.3.1.1.norm1.bias	model-00015-of-00015.safetensors
model.audio_tokenizer.audio_flow_matching_decoder.conditional_decoder.mid_blocks.3.1.1.norm1.weight	model-00015-of-00015.safetensors
model.audio_tokenizer.audio_flow_matching_decoder.conditional_decoder.mid_blocks.3.1.1.norm3.bias	model-00015-of-00015.safetensors
model.audio_tokenizer.audio_flow_matching_decoder.conditional_decoder.mid_blocks.3.1.1.norm3.weight	model-00015-of-00015.safetensors
model.audio_tokenizer.audio_flow_matching_decoder.conditional_decoder.mid_blocks.3.1.2.attn1.to_k.weight	model-00015-of-00015.safetensors
model.audio_tokenizer.audio_flow_matching_decoder.conditional_decoder.mid_blocks.3.1.2.attn1.to_out.0.bias	model-00015-of-00015.safetensors
model.audio_tokenizer.audio_flow_matching_decoder.conditional_decoder.mid_blocks.3.1.2.attn1.to_out.0.weight	model-00015-of-00015.safetensors
model.audio_tokenizer.audio_flow_matching_decoder.conditional_decoder.mid_blocks.3.1.2.attn1.to_q.weight	model-00015-of-00015.safetensors
model.audio_tokenizer.audio_flow_matching_decoder.conditional_decoder.mid_blocks.3.1.2.attn1.to_v.weight	model-00015-of-00015.safetensors
model.audio_tokenizer.audio_flow_matching_decoder.conditional_decoder.mid_blocks.3.1.2.ff.net.0.proj.bias	model-00015-of-00015.safetensors
model.audio_tokenizer.audio_flow_matching_decoder.conditional_decoder.mid_blocks.3.1.2.ff.net.0.proj.weight	model-00015-of-00015.safetensors
model.audio_tokenizer.audio_flow_matching_decoder.conditional_decoder.mid_blocks.3.1.2.ff.net.2.bias	model-00015-of-00015.safetensors
model.audio_tokenizer.audio_flow_matching_decoder.conditional_decoder.mid_blocks.3.1.2.ff.net.2.weight	model-00015-of-00015.safetensors
model.audio_tokenizer.audio_flow_matching_decoder.conditional_decoder.mid_blocks.3.1.2.norm1.bias	model-00015-of-00015.safetensors
model.audio_tokenizer.audio_flow_matching_decoder.conditional_decoder.mid_blocks.3.1.2.norm1.weight	model-00015-of-00015.safetensors
model.audio_tokenizer.audio_flow_matching_decoder.conditional_decoder.mid_blocks.3.1.2.norm3.bias	model-00015-of-00015.safetensors
model.audio_tokenizer.audio_flow_matching_decoder.conditional_decoder.mid_blocks.3.1.2.norm3.weight	model-00015-of-00015.safetensors
model.audio_tokenizer.audio_flow_matching_decoder.conditional_decoder.mid_blocks.3.1.3.attn1.to_k.weight	model-00015-of-00015.safetensors
model.audio_tokenizer.audio_flow_matching_decoder.conditional_decoder.mid_blocks.3.1.3.attn1.to_out.0.bias	model-00015-of-00015.safetensors
model.audio_tokenizer.audio_flow_matching_decoder.conditional_decoder.mid_blocks.3.1.3.attn1.to_out.0.weight	model-00015-of-00015.safetensors
model.audio_tokenizer.audio_flow_matching_decoder.conditional_decoder.mid_blocks.3.1.3.attn1.to_q.weight	model-00015-of-00015.safetensors
model.audio_tokenizer.audio_flow_matching_decoder.conditional_decoder.mid_blocks.3.1.3.attn1.to_v.weight	model-00015-of-00015.safetensors
model.audio_tokenizer.audio_flow_matching_decoder.conditional_decoder.mid_blocks.3.1.3.ff.net.0.proj.bias	model-00015-of-00015.safetensors
model.audio_tokenizer.audio_flow_matching_decoder.conditional_decoder.mid_blocks.3.1.3.ff.net.0.proj.weight	model-00015-of-00015.safetensors
model.audio_tokenizer.audio_flow_matching_decoder.conditional_decoder.mid_blocks.3.1.3.ff.net.2.bias	model-00015-of-00015.safetensors
model.audio_tokenizer.audio_flow_matching_decoder.conditional_decoder.mid_blocks.3.1.3.ff.net.2.weight	model-00015-of-00015.safetensors
model.audio_tokenizer.audio_flow_matching_decoder.conditional_decoder.mid_blocks.3.1.3.norm1.bias	model-00015-of-00015.safetensors
model.audio_tokenizer.audio_flow_matching_decoder.conditional_decoder.mid_blocks.3.1.3.norm1.weight	model-00015-of-00015.safetensors
model.audio_tokenizer.audio_flow_matching_decoder.conditional_decoder.mid_blocks.3.1.3.norm3.bias	model-00015-of-00015.safetensors
model.audio_tokenizer.audio_flow_matching_decoder.conditional_decoder.mid_blocks.3.1.3.norm3.weight	model-00015-of-00015.safetensors
model.audio_tokenizer.audio_flow_matching_decoder.conditional_decoder.mid_blocks.4.0.block1.block.0.bias	model-00015-of-00015.safetensors
model.audio_tokenizer.audio_flow_matching_decoder.conditional_decoder.mid_blocks.4.0.block1.block.0.weight	model-00015-of-00015.safetensors
model.audio_tokenizer.audio_flow_matching_decoder.conditional_decoder.mid_blocks.4.0.block1.block.2.bias	model-00015-of-00015.safetensors
model.audio_tokenizer.audio_flow_matching_decoder.conditional_decoder.mid_blocks.4.0.block1.block.2.weight	model-00015-of-00015.safetensors
model.audio_tokenizer.audio_flow_matching_decoder.conditional_decoder.mid_blocks.4.0.block2.block.0.bias	model-00015-of-00015.safetensors
model.audio_tokenizer.audio_flow_matching_decoder.conditional_decoder.mid_blocks.4.0.block2.block.0.weight	model-00015-of-00015.safetensors
model.audio_tokenizer.audio_flow_matching_decoder.conditional_decoder.mid_blocks.4.0.block2.block.2.bias	model-00015-of-00015.safetensors
model.audio_tokenizer.audio_flow_matching_decoder.conditional_decoder.mid_blocks.4.0.block2.block.2.weight	model-00015-of-00015.safetensors
model.audio_tokenizer.audio_flow_matching_decoder.conditional_decoder.mid_blocks.4.0.mlp.1.bias	model-00015-of-00015.safetensors
model.audio_tokenizer.audio_flow_matching_decoder.conditional_decoder.mid_blocks.4.0.mlp.1.weight	model-00015-of-00015.safetensors
model.audio_tokenizer.audio_flow_matching_decoder.conditional_decoder.mid_blocks.4.0.res_conv.bias	model-00015-of-00015.safetensors
model.audio_tokenizer.audio_flow_matching_decoder.conditional_decoder.mid_blocks.4.0.res_conv.weight	model-00015-of-00015.safetensors
model.audio_tokenizer.audio_flow_matching_decoder.conditional_decoder.mid_blocks.4.1.0.attn1.to_k.weight	model-00015-of-00015.safetensors
model.audio_tokenizer.audio_flow_matching_decoder.conditional_decoder.mid_blocks.4.1.0.attn1.to_out.0.bias	model-00015-of-00015.safetensors
model.audio_tokenizer.audio_flow_matching_decoder.conditional_decoder.mid_blocks.4.1.0.attn1.to_out.0.weight	model-00015-of-00015.safetensors
model.audio_tokenizer.audio_flow_matching_decoder.conditional_decoder.mid_blocks.4.1.0.attn1.to_q.weight	model-00015-of-00015.safetensors
model.audio_tokenizer.audio_flow_matching_decoder.conditional_decoder.mid_blocks.4.1.0.attn1.to_v.weight	model-00015-of-00015.safetensors
model.audio_tokenizer.audio_flow_matching_decoder.conditional_decoder.mid_blocks.4.1.0.ff.net.0.proj.bias	model-00015-of-00015.safetensors
model.audio_tokenizer.audio_flow_matching_decoder.conditional_decoder.mid_blocks.4.1.0.ff.net.0.proj.weight	model-00015-of-00015.safetensors
model.audio_tokenizer.audio_flow_matching_decoder.conditional_decoder.mid_blocks.4.1.0.ff.net.2.bias	model-00015-of-00015.safetensors
model.audio_tokenizer.audio_flow_matching_decoder.conditional_decoder.mid_blocks.4.1.0.ff.net.2.weight	model-00015-of-00015.safetensors
model.audio_tokenizer.audio_flow_matching_decoder.conditional_decoder.mid_blocks.4.1.0.norm1.bias	model-00015-of-00015.safetensors
model.audio_tokenizer.audio_flow_matching_decoder.conditional_decoder.mid_blocks.4.1.0.norm1.weight	model-00015-of-00015.safetensors
model.audio_tokenizer.audio_flow_matching_decoder.conditional_decoder.mid_blocks.4.1.0.norm3.bias	model-00015-of-00015.safetensors
model.audio_tokenizer.audio_flow_matching_decoder.conditional_decoder.mid_blocks.4.1.0.norm3.weight	model-00015-of-00015.safetensors
model.audio_tokenizer.audio_flow_matching_decoder.conditional_decoder.mid_blocks.4.1.1.attn1.to_k.weight	model-00015-of-00015.safetensors
model.audio_tokenizer.audio_flow_matching_decoder.conditional_decoder.mid_blocks.4.1.1.attn1.to_out.0.bias	model-00015-of-00015.safetensors
model.audio_tokenizer.audio_flow_matching_decoder.conditional_decoder.mid_blocks.4.1.1.attn1.to_out.0.weight	model-00015-of-00015.safetensors
model.audio_tokenizer.audio_flow_matching_decoder.conditional_decoder.mid_blocks.4.1.1.attn1.to_q.weight	model-00015-of-00015.safetensors
model.audio_tokenizer.audio_flow_matching_decoder.conditional_decoder.mid_blocks.4.1.1.attn1.to_v.weight	model-00015-of-00015.safetensors
model.audio_tokenizer.audio_flow_matching_decoder.conditional_decoder.mid_blocks.4.1.1.ff.net.0.proj.bias	model-00015-of-00015.safetensors
model.audio_tokenizer.audio_flow_matching_decoder.conditional_decoder.mid_blocks.4.1.1.ff.net.0.proj.weight	model-00015-of-00015.safetensors
model.audio_tokenizer.audio_flow_matching_decoder.conditional_decoder.mid_blocks.4.1.1.ff.net.2.bias	model-00015-of-00015.safetensors
model.audio_tokenizer.audio_flow_matching_decoder.conditional_decoder.mid_blocks.4.1.1.ff.net.2.weight	model-00015-of-00015.safetensors
model.audio_tokenizer.audio_flow_matching_decoder.conditional_decoder.mid_blocks.4.1.1.norm1.bias	model-00015-of-00015.safetensors
model.audio_tokenizer.audio_flow_matching_decoder.conditional_decoder.mid_blocks.4.1.1.norm1.weight	model-00015-of-00015.safetensors
model.audio_tokenizer.audio_flow_matching_decoder.conditional_decoder.mid_blocks.4.1.1.norm3.bias	model-00015-of-00015.safetensors
model.audio_tokenizer.audio_flow_matching_decoder.conditional_decoder.mid_blocks.4.1.1.norm3.weight	model-00015-of-00015.safetensors
model.audio_tokenizer.audio_flow_matching_decoder.conditional_decoder.mid_blocks.4.1.2.attn1.to_k.weight	model-00015-of-00015.safetensors
model.audio_tokenizer.audio_flow_matching_decoder.conditional_decoder.mid_blocks.4.1.2.attn1.to_out.0.bias	model-00015-of-00015.safetensors
model.audio_tokenizer.audio_flow_matching_decoder.conditional_decoder.mid_blocks.4.1.2.attn1.to_out.0.weight	model-00015-of-00015.safetensors
model.audio_tokenizer.audio_flow_matching_decoder.conditional_decoder.mid_blocks.4.1.2.attn1.to_q.weight	model-00015-of-00015.safetensors
model.audio_tokenizer.audio_flow_matching_decoder.conditional_decoder.mid_blocks.4.1.2.attn1.to_v.weight	model-00015-of-00015.safetensors
model.audio_tokenizer.audio_flow_matching_decoder.conditional_decoder.mid_blocks.4.1.2.ff.net.0.proj.bias	model-00015-of-00015.safetensors
model.audio_tokenizer.audio_flow_matching_decoder.conditional_decoder.mid_blocks.4.1.2.ff.net.0.proj.weight	model-00015-of-00015.safetensors
model.audio_tokenizer.audio_flow_matching_decoder.conditional_decoder.mid_blocks.4.1.2.ff.net.2.bias	model-00015-of-00015.safetensors
model.audio_tokenizer.audio_flow_matching_decoder.conditional_decoder.mid_blocks.4.1.2.ff.net.2.weight	model-00015-of-00015.safetensors
model.audio_tokenizer.audio_flow_matching_decoder.conditional_decoder.mid_blocks.4.1.2.norm1.bias	model-00015-of-00015.safetensors
model.audio_tokenizer.audio_flow_matching_decoder.conditional_decoder.mid_blocks.4.1.2.norm1.weight	model-00015-of-00015.safetensors
model.audio_tokenizer.audio_flow_matching_decoder.conditional_decoder.mid_blocks.4.1.2.norm3.bias	model-00015-of-00015.safetensors
model.audio_tokenizer.audio_flow_matching_decoder.conditional_decoder.mid_blocks.4.1.2.norm3.weight	model-00015-of-00015.safetensors
model.audio_tokenizer.audio_flow_matching_decoder.conditional_decoder.mid_blocks.4.1.3.attn1.to_k.weight	model-00015-of-00015.safetensors
model.audio_tokenizer.audio_flow_matching_decoder.conditional_decoder.mid_blocks.4.1.3.attn1.to_out.0.bias	model-00015-of-00015.safetensors
model.audio_tokenizer.audio_flow_matching_decoder.conditional_decoder.mid_blocks.4.1.3.attn1.to_out.0.weight	model-00015-of-00015.safetensors
model.audio_tokenizer.audio_flow_matching_decoder.conditional_decoder.mid_blocks.4.1.3.attn1.to_q.weight	model-00015-of-00015.safetensors
model.audio_tokenizer.audio_flow_matching_decoder.conditional_decoder.mid_blocks.4.1.3.attn1.to_v.weight	model-00015-of-00015.safetensors
model.audio_tokenizer.audio_flow_matching_decoder.conditional_decoder.mid_blocks.4.1.3.ff.net.0.proj.bias	model-00015-of-00015.safetensors
model.audio_tokenizer.audio_flow_matching_decoder.conditional_decoder.mid_blocks.4.1.3.ff.net.0.proj.weight	model-00015-of-00015.safetensors
model.audio_tokenizer.audio_flow_matching_decoder.conditional_decoder.mid_blocks.4.1.3.ff.net.2.bias	model-00015-of-00015.safetensors
model.audio_tokenizer.audio_flow_matching_decoder.conditional_decoder.mid_blocks.4.1.3.ff.net.2.weight	model-00015-of-00015.safetensors
model.audio_tokenizer.audio_flow_matching_decoder.conditional_decoder.mid_blocks.4.1.3.norm1.bias	model-00015-of-00015.safetensors
model.audio_tokenizer.audio_flow_matching_decoder.conditional_decoder.mid_blocks.4.1.3.norm1.weight	model-00015-of-00015.safetensors
model.audio_tokenizer.audio_flow_matching_decoder.conditional_decoder.mid_blocks.4.1.3.norm3.bias	model-00015-of-00015.safetensors
model.audio_tokenizer.audio_flow_matching_decoder.conditional_decoder.mid_blocks.4.1.3.norm3.weight	model-00015-of-00015.safetensors
model.audio_tokenizer.audio_flow_matching_decoder.conditional_decoder.mid_blocks.5.0.block1.block.0.bias	model-00015-of-00015.safetensors
model.audio_tokenizer.audio_flow_matching_decoder.conditional_decoder.mid_blocks.5.0.block1.block.0.weight	model-00015-of-00015.safetensors
model.audio_tokenizer.audio_flow_matching_decoder.conditional_decoder.mid_blocks.5.0.block1.block.2.bias	model-00015-of-00015.safetensors
model.audio_tokenizer.audio_flow_matching_decoder.conditional_decoder.mid_blocks.5.0.block1.block.2.weight	model-00015-of-00015.safetensors
model.audio_tokenizer.audio_flow_matching_decoder.conditional_decoder.mid_blocks.5.0.block2.block.0.bias	model-00015-of-00015.safetensors
model.audio_tokenizer.audio_flow_matching_decoder.conditional_decoder.mid_blocks.5.0.block2.block.0.weight	model-00015-of-00015.safetensors
model.audio_tokenizer.audio_flow_matching_decoder.conditional_decoder.mid_blocks.5.0.block2.block.2.bias	model-00015-of-00015.safetensors
model.audio_tokenizer.audio_flow_matching_decoder.conditional_decoder.mid_blocks.5.0.block2.block.2.weight	model-00015-of-00015.safetensors
model.audio_tokenizer.audio_flow_matching_decoder.conditional_decoder.mid_blocks.5.0.mlp.1.bias	model-00015-of-00015.safetensors
model.audio_tokenizer.audio_flow_matching_decoder.conditional_decoder.mid_blocks.5.0.mlp.1.weight	model-00015-of-00015.safetensors
model.audio_tokenizer.audio_flow_matching_decoder.conditional_decoder.mid_blocks.5.0.res_conv.bias	model-00015-of-00015.safetensors
model.audio_tokenizer.audio_flow_matching_decoder.conditional_decoder.mid_blocks.5.0.res_conv.weight	model-00015-of-00015.safetensors
model.audio_tokenizer.audio_flow_matching_decoder.conditional_decoder.mid_blocks.5.1.0.attn1.to_k.weight	model-00015-of-00015.safetensors
model.audio_tokenizer.audio_flow_matching_decoder.conditional_decoder.mid_blocks.5.1.0.attn1.to_out.0.bias	model-00015-of-00015.safetensors
model.audio_tokenizer.audio_flow_matching_decoder.conditional_decoder.mid_blocks.5.1.0.attn1.to_out.0.weight	model-00015-of-00015.safetensors
model.audio_tokenizer.audio_flow_matching_decoder.conditional_decoder.mid_blocks.5.1.0.attn1.to_q.weight	model-00015-of-00015.safetensors
model.audio_tokenizer.audio_flow_matching_decoder.conditional_decoder.mid_blocks.5.1.0.attn1.to_v.weight	model-00015-of-00015.safetensors
model.audio_tokenizer.audio_flow_matching_decoder.conditional_decoder.mid_blocks.5.1.0.ff.net.0.proj.bias	model-00015-of-00015.safetensors
model.audio_tokenizer.audio_flow_matching_decoder.conditional_decoder.mid_blocks.5.1.0.ff.net.0.proj.weight	model-00015-of-00015.safetensors
model.audio_tokenizer.audio_flow_matching_decoder.conditional_decoder.mid_blocks.5.1.0.ff.net.2.bias	model-00015-of-00015.safetensors
model.audio_tokenizer.audio_flow_matching_decoder.conditional_decoder.mid_blocks.5.1.0.ff.net.2.weight	model-00015-of-00015.safetensors
model.audio_tokenizer.audio_flow_matching_decoder.conditional_decoder.mid_blocks.5.1.0.norm1.bias	model-00015-of-00015.safetensors
model.audio_tokenizer.audio_flow_matching_decoder.conditional_decoder.mid_blocks.5.1.0.norm1.weight	model-00015-of-00015.safetensors
model.audio_tokenizer.audio_flow_matching_decoder.conditional_decoder.mid_blocks.5.1.0.norm3.bias	model-00015-of-00015.safetensors
model.audio_tokenizer.audio_flow_matching_decoder.conditional_decoder.mid_blocks.5.1.0.norm3.weight	model-00015-of-00015.safetensors
model.audio_tokenizer.audio_flow_matching_decoder.conditional_decoder.mid_blocks.5.1.1.attn1.to_k.weight	model-00015-of-00015.safetensors
model.audio_tokenizer.audio_flow_matching_decoder.conditional_decoder.mid_blocks.5.1.1.attn1.to_out.0.bias	model-00015-of-00015.safetensors
model.audio_tokenizer.audio_flow_matching_decoder.conditional_decoder.mid_blocks.5.1.1.attn1.to_out.0.weight	model-00015-of-00015.safetensors
model.audio_tokenizer.audio_flow_matching_decoder.conditional_decoder.mid_blocks.5.1.1.attn1.to_q.weight	model-00015-of-00015.safetensors
model.audio_tokenizer.audio_flow_matching_decoder.conditional_decoder.mid_blocks.5.1.1.attn1.to_v.weight	model-00015-of-00015.safetensors
model.audio_tokenizer.audio_flow_matching_decoder.conditional_decoder.mid_blocks.5.1.1.ff.net.0.proj.bias	model-00015-of-00015.safetensors
model.audio_tokenizer.audio_flow_matching_decoder.conditional_decoder.mid_blocks.5.1.1.ff.net.0.proj.weight	model-00015-of-00015.safetensors
model.audio_tokenizer.audio_flow_matching_decoder.conditional_decoder.mid_blocks.5.1.1.ff.net.2.bias	model-00015-of-00015.safetensors
model.audio_tokenizer.audio_flow_matching_decoder.conditional_decoder.mid_blocks.5.1.1.ff.net.2.weight	model-00015-of-00015.safetensors
model.audio_tokenizer.audio_flow_matching_decoder.conditional_decoder.mid_blocks.5.1.1.norm1.bias	model-00015-of-00015.safetensors
model.audio_tokenizer.audio_flow_matching_decoder.conditional_decoder.mid_blocks.5.1.1.norm1.weight	model-00015-of-00015.safetensors
model.audio_tokenizer.audio_flow_matching_decoder.conditional_decoder.mid_blocks.5.1.1.norm3.bias	model-00015-of-00015.safetensors
model.audio_tokenizer.audio_flow_matching_decoder.conditional_decoder.mid_blocks.5.1.1.norm3.weight	model-00015-of-00015.safetensors
model.audio_tokenizer.audio_flow_matching_decoder.conditional_decoder.mid_blocks.5.1.2.attn1.to_k.weight	model-00015-of-00015.safetensors
model.audio_tokenizer.audio_flow_matching_decoder.conditional_decoder.mid_blocks.5.1.2.attn1.to_out.0.bias	model-00015-of-00015.safetensors
model.audio_tokenizer.audio_flow_matching_decoder.conditional_decoder.mid_blocks.5.1.2.attn1.to_out.0.weight	model-00015-of-00015.safetensors
model.audio_tokenizer.audio_flow_matching_decoder.conditional_decoder.mid_blocks.5.1.2.attn1.to_q.weight	model-00015-of-00015.safetensors
model.audio_tokenizer.audio_flow_matching_decoder.conditional_decoder.mid_blocks.5.1.2.attn1.to_v.weight	model-00015-of-00015.safetensors
model.audio_tokenizer.audio_flow_matching_decoder.conditional_decoder.mid_blocks.5.1.2.ff.net.0.proj.bias	model-00015-of-00015.safetensors
model.audio_tokenizer.audio_flow_matching_decoder.conditional_decoder.mid_blocks.5.1.2.ff.net.0.proj.weight	model-00015-of-00015.safetensors
model.audio_tokenizer.audio_flow_matching_decoder.conditional_decoder.mid_blocks.5.1.2.ff.net.2.bias	model-00015-of-00015.safetensors
model.audio_tokenizer.audio_flow_matching_decoder.conditional_decoder.mid_blocks.5.1.2.ff.net.2.weight	model-00015-of-00015.safetensors
model.audio_tokenizer.audio_flow_matching_decoder.conditional_decoder.mid_blocks.5.1.2.norm1.bias	model-00015-of-00015.safetensors
model.audio_tokenizer.audio_flow_matching_decoder.conditional_decoder.mid_blocks.5.1.2.norm1.weight	model-00015-of-00015.safetensors
model.audio_tokenizer.audio_flow_matching_decoder.conditional_decoder.mid_blocks.5.1.2.norm3.bias	model-00015-of-00015.safetensors
model.audio_tokenizer.audio_flow_matching_decoder.conditional_decoder.mid_blocks.5.1.2.norm3.weight	model-00015-of-00015.safetensors
model.audio_tokenizer.audio_flow_matching_decoder.conditional_decoder.mid_blocks.5.1.3.attn1.to_k.weight	model-00015-of-00015.safetensors
model.audio_tokenizer.audio_flow_matching_decoder.conditional_decoder.mid_blocks.5.1.3.attn1.to_out.0.bias	model-00015-of-00015.safetensors
model.audio_tokenizer.audio_flow_matching_decoder.conditional_decoder.mid_blocks.5.1.3.attn1.to_out.0.weight	model-00015-of-00015.safetensors
model.audio_tokenizer.audio_flow_matching_decoder.conditional_decoder.mid_blocks.5.1.3.attn1.to_q.weight	model-00015-of-00015.safetensors
model.audio_tokenizer.audio_flow_matching_decoder.conditional_decoder.mid_blocks.5.1.3.attn1.to_v.weight	model-00015-of-00015.safetensors
model.audio_tokenizer.audio_flow_matching_decoder.conditional_decoder.mid_blocks.5.1.3.ff.net.0.proj.bias	model-00015-of-00015.safetensors
model.audio_tokenizer.audio_flow_matching_decoder.conditional_decoder.mid_blocks.5.1.3.ff.net.0.proj.weight	model-00015-of-00015.safetensors
model.audio_tokenizer.audio_flow_matching_decoder.conditional_decoder.mid_blocks.5.1.3.ff.net.2.bias	model-00015-of-00015.safetensors
model.audio_tokenizer.audio_flow_matching_decoder.conditional_decoder.mid_blocks.5.1.3.ff.net.2.weight	model-00015-of-00015.safetensors
model.audio_tokenizer.audio_flow_matching_decoder.conditional_decoder.mid_blocks.5.1.3.norm1.bias	model-00015-of-00015.safetensors
model.audio_tokenizer.audio_flow_matching_decoder.conditional_decoder.mid_blocks.5.1.3.norm1.weight	model-00015-of-00015.safetensors
model.audio_tokenizer.audio_flow_matching_decoder.conditional_decoder.mid_blocks.5.1.3.norm3.bias	model-00015-of-00015.safetensors
model.audio_tokenizer.audio_flow_matching_decoder.conditional_decoder.mid_blocks.5.1.3.norm3.weight	model-00015-of-00015.safetensors
model.audio_tokenizer.audio_flow_matching_decoder.conditional_decoder.mid_blocks.6.0.block1.block.0.bias	model-00015-of-00015.safetensors
model.audio_tokenizer.audio_flow_matching_decoder.conditional_decoder.mid_blocks.6.0.block1.block.0.weight	model-00015-of-00015.safetensors
model.audio_tokenizer.audio_flow_matching_decoder.conditional_decoder.mid_blocks.6.0.block1.block.2.bias	model-00015-of-00015.safetensors
model.audio_tokenizer.audio_flow_matching_decoder.conditional_decoder.mid_blocks.6.0.block1.block.2.weight	model-00015-of-00015.safetensors
model.audio_tokenizer.audio_flow_matching_decoder.conditional_decoder.mid_blocks.6.0.block2.block.0.bias	model-00015-of-00015.safetensors
model.audio_tokenizer.audio_flow_matching_decoder.conditional_decoder.mid_blocks.6.0.block2.block.0.weight	model-00015-of-00015.safetensors
model.audio_tokenizer.audio_flow_matching_decoder.conditional_decoder.mid_blocks.6.0.block2.block.2.bias	model-00015-of-00015.safetensors
model.audio_tokenizer.audio_flow_matching_decoder.conditional_decoder.mid_blocks.6.0.block2.block.2.weight	model-00015-of-00015.safetensors
model.audio_tokenizer.audio_flow_matching_decoder.conditional_decoder.mid_blocks.6.0.mlp.1.bias	model-00015-of-00015.safetensors
model.audio_tokenizer.audio_flow_matching_decoder.conditional_decoder.mid_blocks.6.0.mlp.1.weight	model-00015-of-00015.safetensors
model.audio_tokenizer.audio_flow_matching_decoder.conditional_decoder.mid_blocks.6.0.res_conv.bias	model-00015-of-00015.safetensors
model.audio_tokenizer.audio_flow_matching_decoder.conditional_decoder.mid_blocks.6.0.res_conv.weight	model-00015-of-00015.safetensors
model.audio_tokenizer.audio_flow_matching_decoder.conditional_decoder.mid_blocks.6.1.0.attn1.to_k.weight	model-00015-of-00015.safetensors
model.audio_tokenizer.audio_flow_matching_decoder.conditional_decoder.mid_blocks.6.1.0.attn1.to_out.0.bias	model-00015-of-00015.safetensors
model.audio_tokenizer.audio_flow_matching_decoder.conditional_decoder.mid_blocks.6.1.0.attn1.to_out.0.weight	model-00015-of-00015.safetensors
model.audio_tokenizer.audio_flow_matching_decoder.conditional_decoder.mid_blocks.6.1.0.attn1.to_q.weight	model-00015-of-00015.safetensors
model.audio_tokenizer.audio_flow_matching_decoder.conditional_decoder.mid_blocks.6.1.0.attn1.to_v.weight	model-00015-of-00015.safetensors
model.audio_tokenizer.audio_flow_matching_decoder.conditional_decoder.mid_blocks.6.1.0.ff.net.0.proj.bias	model-00015-of-00015.safetensors
model.audio_tokenizer.audio_flow_matching_decoder.conditional_decoder.mid_blocks.6.1.0.ff.net.0.proj.weight	model-00015-of-00015.safetensors
model.audio_tokenizer.audio_flow_matching_decoder.conditional_decoder.mid_blocks.6.1.0.ff.net.2.bias	model-00015-of-00015.safetensors
model.audio_tokenizer.audio_flow_matching_decoder.conditional_decoder.mid_blocks.6.1.0.ff.net.2.weight	model-00015-of-00015.safetensors
model.audio_tokenizer.audio_flow_matching_decoder.conditional_decoder.mid_blocks.6.1.0.norm1.bias	model-00015-of-00015.safetensors
model.audio_tokenizer.audio_flow_matching_decoder.conditional_decoder.mid_blocks.6.1.0.norm1.weight	model-00015-of-00015.safetensors
model.audio_tokenizer.audio_flow_matching_decoder.conditional_decoder.mid_blocks.6.1.0.norm3.bias	model-00015-of-00015.safetensors
model.audio_tokenizer.audio_flow_matching_decoder.conditional_decoder.mid_blocks.6.1.0.norm3.weight	model-00015-of-00015.safetensors
model.audio_tokenizer.audio_flow_matching_decoder.conditional_decoder.mid_blocks.6.1.1.attn1.to_k.weight	model-00015-of-00015.safetensors
model.audio_tokenizer.audio_flow_matching_decoder.conditional_decoder.mid_blocks.6.1.1.attn1.to_out.0.bias	model-00015-of-00015.safetensors
model.audio_tokenizer.audio_flow_matching_decoder.conditional_decoder.mid_blocks.6.1.1.attn1.to_out.0.weight	model-00015-of-00015.safetensors
model.audio_tokenizer.audio_flow_matching_decoder.conditional_decoder.mid_blocks.6.1.1.attn1.to_q.weight	model-00015-of-00015.safetensors
model.audio_tokenizer.audio_flow_matching_decoder.conditional_decoder.mid_blocks.6.1.1.attn1.to_v.weight	model-00015-of-00015.safetensors
model.audio_tokenizer.audio_flow_matching_decoder.conditional_decoder.mid_blocks.6.1.1.ff.net.0.proj.bias	model-00015-of-00015.safetensors
model.audio_tokenizer.audio_flow_matching_decoder.conditional_decoder.mid_blocks.6.1.1.ff.net.0.proj.weight	model-00015-of-00015.safetensors
model.audio_tokenizer.audio_flow_matching_decoder.conditional_decoder.mid_blocks.6.1.1.ff.net.2.bias	model-00015-of-00015.safetensors
model.audio_tokenizer.audio_flow_matching_decoder.conditional_decoder.mid_blocks.6.1.1.ff.net.2.weight	model-00015-of-00015.safetensors
model.audio_tokenizer.audio_flow_matching_decoder.conditional_decoder.mid_blocks.6.1.1.norm1.bias	model-00015-of-00015.safetensors
model.audio_tokenizer.audio_flow_matching_decoder.conditional_decoder.mid_blocks.6.1.1.norm1.weight	model-00015-of-00015.safetensors
model.audio_tokenizer.audio_flow_matching_decoder.conditional_decoder.mid_blocks.6.1.1.norm3.bias	model-00015-of-00015.safetensors
model.audio_tokenizer.audio_flow_matching_decoder.conditional_decoder.mid_blocks.6.1.1.norm3.weight	model-00015-of-00015.safetensors
model.audio_tokenizer.audio_flow_matching_decoder.conditional_decoder.mid_blocks.6.1.2.attn1.to_k.weight	model-00015-of-00015.safetensors
model.audio_tokenizer.audio_flow_matching_decoder.conditional_decoder.mid_blocks.6.1.2.attn1.to_out.0.bias	model-00015-of-00015.safetensors
model.audio_tokenizer.audio_flow_matching_decoder.conditional_decoder.mid_blocks.6.1.2.attn1.to_out.0.weight	model-00015-of-00015.safetensors
model.audio_tokenizer.audio_flow_matching_decoder.conditional_decoder.mid_blocks.6.1.2.attn1.to_q.weight	model-00015-of-00015.safetensors
model.audio_tokenizer.audio_flow_matching_decoder.conditional_decoder.mid_blocks.6.1.2.attn1.to_v.weight	model-00015-of-00015.safetensors
model.audio_tokenizer.audio_flow_matching_decoder.conditional_decoder.mid_blocks.6.1.2.ff.net.0.proj.bias	model-00015-of-00015.safetensors
model.audio_tokenizer.audio_flow_matching_decoder.conditional_decoder.mid_blocks.6.1.2.ff.net.0.proj.weight	model-00015-of-00015.safetensors
model.audio_tokenizer.audio_flow_matching_decoder.conditional_decoder.mid_blocks.6.1.2.ff.net.2.bias	model-00015-of-00015.safetensors
model.audio_tokenizer.audio_flow_matching_decoder.conditional_decoder.mid_blocks.6.1.2.ff.net.2.weight	model-00015-of-00015.safetensors
model.audio_tokenizer.audio_flow_matching_decoder.conditional_decoder.mid_blocks.6.1.2.norm1.bias	model-00015-of-00015.safetensors
model.audio_tokenizer.audio_flow_matching_decoder.conditional_decoder.mid_blocks.6.1.2.norm1.weight	model-00015-of-00015.safetensors
model.audio_tokenizer.audio_flow_matching_decoder.conditional_decoder.mid_blocks.6.1.2.norm3.bias	model-00015-of-00015.safetensors
model.audio_tokenizer.audio_flow_matching_decoder.conditional_decoder.mid_blocks.6.1.2.norm3.weight	model-00015-of-00015.safetensors
model.audio_tokenizer.audio_flow_matching_decoder.conditional_decoder.mid_blocks.6.1.3.attn1.to_k.weight	model-00015-of-00015.safetensors
model.audio_tokenizer.audio_flow_matching_decoder.conditional_decoder.mid_blocks.6.1.3.attn1.to_out.0.bias	model-00015-of-00015.safetensors
model.audio_tokenizer.audio_flow_matching_decoder.conditional_decoder.mid_blocks.6.1.3.attn1.to_out.0.weight	model-00015-of-00015.safetensors
model.audio_tokenizer.audio_flow_matching_decoder.conditional_decoder.mid_blocks.6.1.3.attn1.to_q.weight	model-00015-of-00015.safetensors
model.audio_tokenizer.audio_flow_matching_decoder.conditional_decoder.mid_blocks.6.1.3.attn1.to_v.weight	model-00015-of-00015.safetensors
model.audio_tokenizer.audio_flow_matching_decoder.conditional_decoder.mid_blocks.6.1.3.ff.net.0.proj.bias	model-00015-of-00015.safetensors
model.audio_tokenizer.audio_flow_matching_decoder.conditional_decoder.mid_blocks.6.1.3.ff.net.0.proj.weight	model-00015-of-00015.safetensors
model.audio_tokenizer.audio_flow_matching_decoder.conditional_decoder.mid_blocks.6.1.3.ff.net.2.bias	model-00015-of-00015.safetensors
model.audio_tokenizer.audio_flow_matching_decoder.conditional_decoder.mid_blocks.6.1.3.ff.net.2.weight	model-00015-of-00015.safetensors
model.audio_tokenizer.audio_flow_matching_decoder.conditional_decoder.mid_blocks.6.1.3.norm1.bias	model-00015-of-00015.safetensors
model.audio_tokenizer.audio_flow_matching_decoder.conditional_decoder.mid_blocks.6.1.3.norm1.weight	model-00015-of-00015.safetensors
model.audio_tokenizer.audio_flow_matching_decoder.conditional_decoder.mid_blocks.6.1.3.norm3.bias	model-00015-of-00015.safetensors
model.audio_tokenizer.audio_flow_matching_decoder.conditional_decoder.mid_blocks.6.1.3.norm3.weight	model-00015-of-00015.safetensors
model.audio_tokenizer.audio_flow_matching_decoder.conditional_decoder.mid_blocks.7.0.block1.block.0.bias	model-00015-of-00015.safetensors
model.audio_tokenizer.audio_flow_matching_decoder.conditional_decoder.mid_blocks.7.0.block1.block.0.weight	model-00015-of-00015.safetensors
model.audio_tokenizer.audio_flow_matching_decoder.conditional_decoder.mid_blocks.7.0.block1.block.2.bias	model-00015-of-00015.safetensors
model.audio_tokenizer.audio_flow_matching_decoder.conditional_decoder.mid_blocks.7.0.block1.block.2.weight	model-00015-of-00015.safetensors
model.audio_tokenizer.audio_flow_matching_decoder.conditional_decoder.mid_blocks.7.0.block2.block.0.bias	model-00015-of-00015.safetensors
model.audio_tokenizer.audio_flow_matching_decoder.conditional_decoder.mid_blocks.7.0.block2.block.0.weight	model-00015-of-00015.safetensors
model.audio_tokenizer.audio_flow_matching_decoder.conditional_decoder.mid_blocks.7.0.block2.block.2.bias	model-00015-of-00015.safetensors
model.audio_tokenizer.audio_flow_matching_decoder.conditional_decoder.mid_blocks.7.0.block2.block.2.weight	model-00015-of-00015.safetensors
model.audio_tokenizer.audio_flow_matching_decoder.conditional_decoder.mid_blocks.7.0.mlp.1.bias	model-00015-of-00015.safetensors
model.audio_tokenizer.audio_flow_matching_decoder.conditional_decoder.mid_blocks.7.0.mlp.1.weight	model-00015-of-00015.safetensors
model.audio_tokenizer.audio_flow_matching_decoder.conditional_decoder.mid_blocks.7.0.res_conv.bias	model-00015-of-00015.safetensors
model.audio_tokenizer.audio_flow_matching_decoder.conditional_decoder.mid_blocks.7.0.res_conv.weight	model-00015-of-00015.safetensors
model.audio_tokenizer.audio_flow_matching_decoder.conditional_decoder.mid_blocks.7.1.0.attn1.to_k.weight	model-00015-of-00015.safetensors
model.audio_tokenizer.audio_flow_matching_decoder.conditional_decoder.mid_blocks.7.1.0.attn1.to_out.0.bias	model-00015-of-00015.safetensors
model.audio_tokenizer.audio_flow_matching_decoder.conditional_decoder.mid_blocks.7.1.0.attn1.to_out.0.weight	model-00015-of-00015.safetensors
model.audio_tokenizer.audio_flow_matching_decoder.conditional_decoder.mid_blocks.7.1.0.attn1.to_q.weight	model-00015-of-00015.safetensors
model.audio_tokenizer.audio_flow_matching_decoder.conditional_decoder.mid_blocks.7.1.0.attn1.to_v.weight	model-00015-of-00015.safetensors
model.audio_tokenizer.audio_flow_matching_decoder.conditional_decoder.mid_blocks.7.1.0.ff.net.0.proj.bias	model-00015-of-00015.safetensors
model.audio_tokenizer.audio_flow_matching_decoder.conditional_decoder.mid_blocks.7.1.0.ff.net.0.proj.weight	model-00015-of-00015.safetensors
model.audio_tokenizer.audio_flow_matching_decoder.conditional_decoder.mid_blocks.7.1.0.ff.net.2.bias	model-00015-of-00015.safetensors
model.audio_tokenizer.audio_flow_matching_decoder.conditional_decoder.mid_blocks.7.1.0.ff.net.2.weight	model-00015-of-00015.safetensors
model.audio_tokenizer.audio_flow_matching_decoder.conditional_decoder.mid_blocks.7.1.0.norm1.bias	model-00015-of-00015.safetensors
model.audio_tokenizer.audio_flow_matching_decoder.conditional_decoder.mid_blocks.7.1.0.norm1.weight	model-00015-of-00015.safetensors
model.audio_tokenizer.audio_flow_matching_decoder.conditional_decoder.mid_blocks.7.1.0.norm3.bias	model-00015-of-00015.safetensors
model.audio_tokenizer.audio_flow_matching_decoder.conditional_decoder.mid_blocks.7.1.0.norm3.weight	model-00015-of-00015.safetensors
model.audio_tokenizer.audio_flow_matching_decoder.conditional_decoder.mid_blocks.7.1.1.attn1.to_k.weight	model-00015-of-00015.safetensors
model.audio_tokenizer.audio_flow_matching_decoder.conditional_decoder.mid_blocks.7.1.1.attn1.to_out.0.bias	model-00015-of-00015.safetensors
model.audio_tokenizer.audio_flow_matching_decoder.conditional_decoder.mid_blocks.7.1.1.attn1.to_out.0.weight	model-00015-of-00015.safetensors
model.audio_tokenizer.audio_flow_matching_decoder.conditional_decoder.mid_blocks.7.1.1.attn1.to_q.weight	model-00015-of-00015.safetensors
model.audio_tokenizer.audio_flow_matching_decoder.conditional_decoder.mid_blocks.7.1.1.attn1.to_v.weight	model-00015-of-00015.safetensors
model.audio_tokenizer.audio_flow_matching_decoder.conditional_decoder.mid_blocks.7.1.1.ff.net.0.proj.bias	model-00015-of-00015.safetensors
model.audio_tokenizer.audio_flow_matching_decoder.conditional_decoder.mid_blocks.7.1.1.ff.net.0.proj.weight	model-00015-of-00015.safetensors
model.audio_tokenizer.audio_flow_matching_decoder.conditional_decoder.mid_blocks.7.1.1.ff.net.2.bias	model-00015-of-00015.safetensors
model.audio_tokenizer.audio_flow_matching_decoder.conditional_decoder.mid_blocks.7.1.1.ff.net.2.weight	model-00015-of-00015.safetensors
model.audio_tokenizer.audio_flow_matching_decoder.conditional_decoder.mid_blocks.7.1.1.norm1.bias	model-00015-of-00015.safetensors
model.audio_tokenizer.audio_flow_matching_decoder.conditional_decoder.mid_blocks.7.1.1.norm1.weight	model-00015-of-00015.safetensors
model.audio_tokenizer.audio_flow_matching_decoder.conditional_decoder.mid_blocks.7.1.1.norm3.bias	model-00015-of-00015.safetensors
model.audio_tokenizer.audio_flow_matching_decoder.conditional_decoder.mid_blocks.7.1.1.norm3.weight	model-00015-of-00015.safetensors
model.audio_tokenizer.audio_flow_matching_decoder.conditional_decoder.mid_blocks.7.1.2.attn1.to_k.weight	model-00015-of-00015.safetensors
model.audio_tokenizer.audio_flow_matching_decoder.conditional_decoder.mid_blocks.7.1.2.attn1.to_out.0.bias	model-00015-of-00015.safetensors
model.audio_tokenizer.audio_flow_matching_decoder.conditional_decoder.mid_blocks.7.1.2.attn1.to_out.0.weight	model-00015-of-00015.safetensors
model.audio_tokenizer.audio_flow_matching_decoder.conditional_decoder.mid_blocks.7.1.2.attn1.to_q.weight	model-00015-of-00015.safetensors
model.audio_tokenizer.audio_flow_matching_decoder.conditional_decoder.mid_blocks.7.1.2.attn1.to_v.weight	model-00015-of-00015.safetensors
model.audio_tokenizer.audio_flow_matching_decoder.conditional_decoder.mid_blocks.7.1.2.ff.net.0.proj.bias	model-00015-of-00015.safetensors
model.audio_tokenizer.audio_flow_matching_decoder.conditional_decoder.mid_blocks.7.1.2.ff.net.0.proj.weight	model-00015-of-00015.safetensors
model.audio_tokenizer.audio_flow_matching_decoder.conditional_decoder.mid_blocks.7.1.2.ff.net.2.bias	model-00015-of-00015.safetensors
model.audio_tokenizer.audio_flow_matching_decoder.conditional_decoder.mid_blocks.7.1.2.ff.net.2.weight	model-00015-of-00015.safetensors
model.audio_tokenizer.audio_flow_matching_decoder.conditional_decoder.mid_blocks.7.1.2.norm1.bias	model-00015-of-00015.safetensors
model.audio_tokenizer.audio_flow_matching_decoder.conditional_decoder.mid_blocks.7.1.2.norm1.weight	model-00015-of-00015.safetensors
model.audio_tokenizer.audio_flow_matching_decoder.conditional_decoder.mid_blocks.7.1.2.norm3.bias	model-00015-of-00015.safetensors
model.audio_tokenizer.audio_flow_matching_decoder.conditional_decoder.mid_blocks.7.1.2.norm3.weight	model-00015-of-00015.safetensors
model.audio_tokenizer.audio_flow_matching_decoder.conditional_decoder.mid_blocks.7.1.3.attn1.to_k.weight	model-00015-of-00015.safetensors
model.audio_tokenizer.audio_flow_matching_decoder.conditional_decoder.mid_blocks.7.1.3.attn1.to_out.0.bias	model-00015-of-00015.safetensors
model.audio_tokenizer.audio_flow_matching_decoder.conditional_decoder.mid_blocks.7.1.3.attn1.to_out.0.weight	model-00015-of-00015.safetensors
model.audio_tokenizer.audio_flow_matching_decoder.conditional_decoder.mid_blocks.7.1.3.attn1.to_q.weight	model-00015-of-00015.safetensors
model.audio_tokenizer.audio_flow_matching_decoder.conditional_decoder.mid_blocks.7.1.3.attn1.to_v.weight	model-00015-of-00015.safetensors
model.audio_tokenizer.audio_flow_matching_decoder.conditional_decoder.mid_blocks.7.1.3.ff.net.0.proj.bias	model-00015-of-00015.safetensors
model.audio_tokenizer.audio_flow_matching_decoder.conditional_decoder.mid_blocks.7.1.3.ff.net.0.proj.weight	model-00015-of-00015.safetensors
model.audio_tokenizer.audio_flow_matching_decoder.conditional_decoder.mid_blocks.7.1.3.ff.net.2.bias	model-00015-of-00015.safetensors
model.audio_tokenizer.audio_flow_matching_decoder.conditional_decoder.mid_blocks.7.1.3.ff.net.2.weight	model-00015-of-00015.safetensors
model.audio_tokenizer.audio_flow_matching_decoder.conditional_decoder.mid_blocks.7.1.3.norm1.bias	model-00015-of-00015.safetensors
model.audio_tokenizer.audio_flow_matching_decoder.conditional_decoder.mid_blocks.7.1.3.norm1.weight	model-00015-of-00015.safetensors
model.audio_tokenizer.audio_flow_matching_decoder.conditional_decoder.mid_blocks.7.1.3.norm3.bias	model-00015-of-00015.safetensors
model.audio_tokenizer.audio_flow_matching_decoder.conditional_decoder.mid_blocks.7.1.3.norm3.weight	model-00015-of-00015.safetensors
model.audio_tokenizer.audio_flow_matching_decoder.conditional_decoder.mid_blocks.8.0.block1.block.0.bias	model-00015-of-00015.safetensors
model.audio_tokenizer.audio_flow_matching_decoder.conditional_decoder.mid_blocks.8.0.block1.block.0.weight	model-00015-of-00015.safetensors
model.audio_tokenizer.audio_flow_matching_decoder.conditional_decoder.mid_blocks.8.0.block1.block.2.bias	model-00015-of-00015.safetensors
model.audio_tokenizer.audio_flow_matching_decoder.conditional_decoder.mid_blocks.8.0.block1.block.2.weight	model-00015-of-00015.safetensors
model.audio_tokenizer.audio_flow_matching_decoder.conditional_decoder.mid_blocks.8.0.block2.block.0.bias	model-00015-of-00015.safetensors
model.audio_tokenizer.audio_flow_matching_decoder.conditional_decoder.mid_blocks.8.0.block2.block.0.weight	model-00015-of-00015.safetensors
model.audio_tokenizer.audio_flow_matching_decoder.conditional_decoder.mid_blocks.8.0.block2.block.2.bias	model-00015-of-00015.safetensors
model.audio_tokenizer.audio_flow_matching_decoder.conditional_decoder.mid_blocks.8.0.block2.block.2.weight	model-00015-of-00015.safetensors
model.audio_tokenizer.audio_flow_matching_decoder.conditional_decoder.mid_blocks.8.0.mlp.1.bias	model-00015-of-00015.safetensors
model.audio_tokenizer.audio_flow_matching_decoder.conditional_decoder.mid_blocks.8.0.mlp.1.weight	model-00015-of-00015.safetensors
model.audio_tokenizer.audio_flow_matching_decoder.conditional_decoder.mid_blocks.8.0.res_conv.bias	model-00015-of-00015.safetensors
model.audio_tokenizer.audio_flow_matching_decoder.conditional_decoder.mid_blocks.8.0.res_conv.weight	model-00015-of-00015.safetensors
model.audio_tokenizer.audio_flow_matching_decoder.conditional_decoder.mid_blocks.8.1.0.attn1.to_k.weight	model-00015-of-00015.safetensors
model.audio_tokenizer.audio_flow_matching_decoder.conditional_decoder.mid_blocks.8.1.0.attn1.to_out.0.bias	model-00015-of-00015.safetensors
model.audio_tokenizer.audio_flow_matching_decoder.conditional_decoder.mid_blocks.8.1.0.attn1.to_out.0.weight	model-00015-of-00015.safetensors
model.audio_tokenizer.audio_flow_matching_decoder.conditional_decoder.mid_blocks.8.1.0.attn1.to_q.weight	model-00015-of-00015.safetensors
model.audio_tokenizer.audio_flow_matching_decoder.conditional_decoder.mid_blocks.8.1.0.attn1.to_v.weight	model-00015-of-00015.safetensors
model.audio_tokenizer.audio_flow_matching_decoder.conditional_decoder.mid_blocks.8.1.0.ff.net.0.proj.bias	model-00015-of-00015.safetensors
model.audio_tokenizer.audio_flow_matching_decoder.conditional_decoder.mid_blocks.8.1.0.ff.net.0.proj.weight	model-00015-of-00015.safetensors
model.audio_tokenizer.audio_flow_matching_decoder.conditional_decoder.mid_blocks.8.1.0.ff.net.2.bias	model-00015-of-00015.safetensors
model.audio_tokenizer.audio_flow_matching_decoder.conditional_decoder.mid_blocks.8.1.0.ff.net.2.weight	model-00015-of-00015.safetensors
model.audio_tokenizer.audio_flow_matching_decoder.conditional_decoder.mid_blocks.8.1.0.norm1.bias	model-00015-of-00015.safetensors
model.audio_tokenizer.audio_flow_matching_decoder.conditional_decoder.mid_blocks.8.1.0.norm1.weight	model-00015-of-00015.safetensors
model.audio_tokenizer.audio_flow_matching_decoder.conditional_decoder.mid_blocks.8.1.0.norm3.bias	model-00015-of-00015.safetensors
model.audio_tokenizer.audio_flow_matching_decoder.conditional_decoder.mid_blocks.8.1.0.norm3.weight	model-00015-of-00015.safetensors
model.audio_tokenizer.audio_flow_matching_decoder.conditional_decoder.mid_blocks.8.1.1.attn1.to_k.weight	model-00015-of-00015.safetensors
model.audio_tokenizer.audio_flow_matching_decoder.conditional_decoder.mid_blocks.8.1.1.attn1.to_out.0.bias	model-00015-of-00015.safetensors
model.audio_tokenizer.audio_flow_matching_decoder.conditional_decoder.mid_blocks.8.1.1.attn1.to_out.0.weight	model-00015-of-00015.safetensors
model.audio_tokenizer.audio_flow_matching_decoder.conditional_decoder.mid_blocks.8.1.1.attn1.to_q.weight	model-00015-of-00015.safetensors
model.audio_tokenizer.audio_flow_matching_decoder.conditional_decoder.mid_blocks.8.1.1.attn1.to_v.weight	model-00015-of-00015.safetensors
model.audio_tokenizer.audio_flow_matching_decoder.conditional_decoder.mid_blocks.8.1.1.ff.net.0.proj.bias	model-00015-of-00015.safetensors
model.audio_tokenizer.audio_flow_matching_decoder.conditional_decoder.mid_blocks.8.1.1.ff.net.0.proj.weight	model-00015-of-00015.safetensors
model.audio_tokenizer.audio_flow_matching_decoder.conditional_decoder.mid_blocks.8.1.1.ff.net.2.bias	model-00015-of-00015.safetensors
model.audio_tokenizer.audio_flow_matching_decoder.conditional_decoder.mid_blocks.8.1.1.ff.net.2.weight	model-00015-of-00015.safetensors
model.audio_tokenizer.audio_flow_matching_decoder.conditional_decoder.mid_blocks.8.1.1.norm1.bias	model-00015-of-00015.safetensors
model.audio_tokenizer.audio_flow_matching_decoder.conditional_decoder.mid_blocks.8.1.1.norm1.weight	model-00015-of-00015.safetensors
model.audio_tokenizer.audio_flow_matching_decoder.conditional_decoder.mid_blocks.8.1.1.norm3.bias	model-00015-of-00015.safetensors
model.audio_tokenizer.audio_flow_matching_decoder.conditional_decoder.mid_blocks.8.1.1.norm3.weight	model-00015-of-00015.safetensors
model.audio_tokenizer.audio_flow_matching_decoder.conditional_decoder.mid_blocks.8.1.2.attn1.to_k.weight	model-00015-of-00015.safetensors
model.audio_tokenizer.audio_flow_matching_decoder.conditional_decoder.mid_blocks.8.1.2.attn1.to_out.0.bias	model-00015-of-00015.safetensors
model.audio_tokenizer.audio_flow_matching_decoder.conditional_decoder.mid_blocks.8.1.2.attn1.to_out.0.weight	model-00015-of-00015.safetensors
model.audio_tokenizer.audio_flow_matching_decoder.conditional_decoder.mid_blocks.8.1.2.attn1.to_q.weight	model-00015-of-00015.safetensors
model.audio_tokenizer.audio_flow_matching_decoder.conditional_decoder.mid_blocks.8.1.2.attn1.to_v.weight	model-00015-of-00015.safetensors
model.audio_tokenizer.audio_flow_matching_decoder.conditional_decoder.mid_blocks.8.1.2.ff.net.0.proj.bias	model-00015-of-00015.safetensors
model.audio_tokenizer.audio_flow_matching_decoder.conditional_decoder.mid_blocks.8.1.2.ff.net.0.proj.weight	model-00015-of-00015.safetensors
model.audio_tokenizer.audio_flow_matching_decoder.conditional_decoder.mid_blocks.8.1.2.ff.net.2.bias	model-00015-of-00015.safetensors
model.audio_tokenizer.audio_flow_matching_decoder.conditional_decoder.mid_blocks.8.1.2.ff.net.2.weight	model-00015-of-00015.safetensors
model.audio_tokenizer.audio_flow_matching_decoder.conditional_decoder.mid_blocks.8.1.2.norm1.bias	model-00015-of-00015.safetensors
model.audio_tokenizer.audio_flow_matching_decoder.conditional_decoder.mid_blocks.8.1.2.norm1.weight	model-00015-of-00015.safetensors
model.audio_tokenizer.audio_flow_matching_decoder.conditional_decoder.mid_blocks.8.1.2.norm3.bias	model-00015-of-00015.safetensors
model.audio_tokenizer.audio_flow_matching_decoder.conditional_decoder.mid_blocks.8.1.2.norm3.weight	model-00015-of-00015.safetensors
model.audio_tokenizer.audio_flow_matching_decoder.conditional_decoder.mid_blocks.8.1.3.attn1.to_k.weight	model-00015-of-00015.safetensors
model.audio_tokenizer.audio_flow_matching_decoder.conditional_decoder.mid_blocks.8.1.3.attn1.to_out.0.bias	model-00015-of-00015.safetensors
model.audio_tokenizer.audio_flow_matching_decoder.conditional_decoder.mid_blocks.8.1.3.attn1.to_out.0.weight	model-00015-of-00015.safetensors
model.audio_tokenizer.audio_flow_matching_decoder.conditional_decoder.mid_blocks.8.1.3.attn1.to_q.weight	model-00015-of-00015.safetensors
model.audio_tokenizer.audio_flow_matching_decoder.conditional_decoder.mid_blocks.8.1.3.attn1.to_v.weight	model-00015-of-00015.safetensors
model.audio_tokenizer.audio_flow_matching_decoder.conditional_decoder.mid_blocks.8.1.3.ff.net.0.proj.bias	model-00015-of-00015.safetensors
model.audio_tokenizer.audio_flow_matching_decoder.conditional_decoder.mid_blocks.8.1.3.ff.net.0.proj.weight	model-00015-of-00015.safetensors
model.audio_tokenizer.audio_flow_matching_decoder.conditional_decoder.mid_blocks.8.1.3.ff.net.2.bias	model-00015-of-00015.safetensors
model.audio_tokenizer.audio_flow_matching_decoder.conditional_decoder.mid_blocks.8.1.3.ff.net.2.weight	model-00015-of-00015.safetensors
model.audio_tokenizer.audio_flow_matching_decoder.conditional_decoder.mid_blocks.8.1.3.norm1.bias	model-00015-of-00015.safetensors
model.audio_tokenizer.audio_flow_matching_decoder.conditional_decoder.mid_blocks.8.1.3.norm1.weight	model-00015-of-00015.safetensors
model.audio_tokenizer.audio_flow_matching_decoder.conditional_decoder.mid_blocks.8.1.3.norm3.bias	model-00015-of-00015.safetensors
model.audio_tokenizer.audio_flow_matching_decoder.conditional_decoder.mid_blocks.8.1.3.norm3.weight	model-00015-of-00015.safetensors
model.audio_tokenizer.audio_flow_matching_decoder.conditional_decoder.mid_blocks.9.0.block1.block.0.bias	model-00015-of-00015.safetensors
model.audio_tokenizer.audio_flow_matching_decoder.conditional_decoder.mid_blocks.9.0.block1.block.0.weight	model-00015-of-00015.safetensors
model.audio_tokenizer.audio_flow_matching_decoder.conditional_decoder.mid_blocks.9.0.block1.block.2.bias	model-00015-of-00015.safetensors
model.audio_tokenizer.audio_flow_matching_decoder.conditional_decoder.mid_blocks.9.0.block1.block.2.weight	model-00015-of-00015.safetensors
model.audio_tokenizer.audio_flow_matching_decoder.conditional_decoder.mid_blocks.9.0.block2.block.0.bias	model-00015-of-00015.safetensors
model.audio_tokenizer.audio_flow_matching_decoder.conditional_decoder.mid_blocks.9.0.block2.block.0.weight	model-00015-of-00015.safetensors
model.audio_tokenizer.audio_flow_matching_decoder.conditional_decoder.mid_blocks.9.0.block2.block.2.bias	model-00015-of-00015.safetensors
model.audio_tokenizer.audio_flow_matching_decoder.conditional_decoder.mid_blocks.9.0.block2.block.2.weight	model-00015-of-00015.safetensors
model.audio_tokenizer.audio_flow_matching_decoder.conditional_decoder.mid_blocks.9.0.mlp.1.bias	model-00015-of-00015.safetensors
model.audio_tokenizer.audio_flow_matching_decoder.conditional_decoder.mid_blocks.9.0.mlp.1.weight	model-00015-of-00015.safetensors
model.audio_tokenizer.audio_flow_matching_decoder.conditional_decoder.mid_blocks.9.0.res_conv.bias	model-00015-of-00015.safetensors
model.audio_tokenizer.audio_flow_matching_decoder.conditional_decoder.mid_blocks.9.0.res_conv.weight	model-00015-of-00015.safetensors
model.audio_tokenizer.audio_flow_matching_decoder.conditional_decoder.mid_blocks.9.1.0.attn1.to_k.weight	model-00015-of-00015.safetensors
model.audio_tokenizer.audio_flow_matching_decoder.conditional_decoder.mid_blocks.9.1.0.attn1.to_out.0.bias	model-00015-of-00015.safetensors
model.audio_tokenizer.audio_flow_matching_decoder.conditional_decoder.mid_blocks.9.1.0.attn1.to_out.0.weight	model-00015-of-00015.safetensors
model.audio_tokenizer.audio_flow_matching_decoder.conditional_decoder.mid_blocks.9.1.0.attn1.to_q.weight	model-00015-of-00015.safetensors
model.audio_tokenizer.audio_flow_matching_decoder.conditional_decoder.mid_blocks.9.1.0.attn1.to_v.weight	model-00015-of-00015.safetensors
model.audio_tokenizer.audio_flow_matching_decoder.conditional_decoder.mid_blocks.9.1.0.ff.net.0.proj.bias	model-00015-of-00015.safetensors
model.audio_tokenizer.audio_flow_matching_decoder.conditional_decoder.mid_blocks.9.1.0.ff.net.0.proj.weight	model-00015-of-00015.safetensors
model.audio_tokenizer.audio_flow_matching_decoder.conditional_decoder.mid_blocks.9.1.0.ff.net.2.bias	model-00015-of-00015.safetensors
model.audio_tokenizer.audio_flow_matching_decoder.conditional_decoder.mid_blocks.9.1.0.ff.net.2.weight	model-00015-of-00015.safetensors
model.audio_tokenizer.audio_flow_matching_decoder.conditional_decoder.mid_blocks.9.1.0.norm1.bias	model-00015-of-00015.safetensors
model.audio_tokenizer.audio_flow_matching_decoder.conditional_decoder.mid_blocks.9.1.0.norm1.weight	model-00015-of-00015.safetensors
model.audio_tokenizer.audio_flow_matching_decoder.conditional_decoder.mid_blocks.9.1.0.norm3.bias	model-00015-of-00015.safetensors
model.audio_tokenizer.audio_flow_matching_decoder.conditional_decoder.mid_blocks.9.1.0.norm3.weight	model-00015-of-00015.safetensors
model.audio_tokenizer.audio_flow_matching_decoder.conditional_decoder.mid_blocks.9.1.1.attn1.to_k.weight	model-00015-of-00015.safetensors
model.audio_tokenizer.audio_flow_matching_decoder.conditional_decoder.mid_blocks.9.1.1.attn1.to_out.0.bias	model-00015-of-00015.safetensors
model.audio_tokenizer.audio_flow_matching_decoder.conditional_decoder.mid_blocks.9.1.1.attn1.to_out.0.weight	model-00015-of-00015.safetensors
model.audio_tokenizer.audio_flow_matching_decoder.conditional_decoder.mid_blocks.9.1.1.attn1.to_q.weight	model-00015-of-00015.safetensors
model.audio_tokenizer.audio_flow_matching_decoder.conditional_decoder.mid_blocks.9.1.1.attn1.to_v.weight	model-00015-of-00015.safetensors
model.audio_tokenizer.audio_flow_matching_decoder.conditional_decoder.mid_blocks.9.1.1.ff.net.0.proj.bias	model-00015-of-00015.safetensors
model.audio_tokenizer.audio_flow_matching_decoder.conditional_decoder.mid_blocks.9.1.1.ff.net.0.proj.weight	model-00015-of-00015.safetensors
model.audio_tokenizer.audio_flow_matching_decoder.conditional_decoder.mid_blocks.9.1.1.ff.net.2.bias	model-00015-of-00015.safetensors
model.audio_tokenizer.audio_flow_matching_decoder.conditional_decoder.mid_blocks.9.1.1.ff.net.2.weight	model-00015-of-00015.safetensors
model.audio_tokenizer.audio_flow_matching_decoder.conditional_decoder.mid_blocks.9.1.1.norm1.bias	model-00015-of-00015.safetensors
model.audio_tokenizer.audio_flow_matching_decoder.conditional_decoder.mid_blocks.9.1.1.norm1.weight	model-00015-of-00015.safetensors
model.audio_tokenizer.audio_flow_matching_decoder.conditional_decoder.mid_blocks.9.1.1.norm3.bias	model-00015-of-00015.safetensors
model.audio_tokenizer.audio_flow_matching_decoder.conditional_decoder.mid_blocks.9.1.1.norm3.weight	model-00015-of-00015.safetensors
model.audio_tokenizer.audio_flow_matching_decoder.conditional_decoder.mid_blocks.9.1.2.attn1.to_k.weight	model-00015-of-00015.safetensors
model.audio_tokenizer.audio_flow_matching_decoder.conditional_decoder.mid_blocks.9.1.2.attn1.to_out.0.bias	model-00015-of-00015.safetensors
model.audio_tokenizer.audio_flow_matching_decoder.conditional_decoder.mid_blocks.9.1.2.attn1.to_out.0.weight	model-00015-of-00015.safetensors
model.audio_tokenizer.audio_flow_matching_decoder.conditional_decoder.mid_blocks.9.1.2.attn1.to_q.weight	model-00015-of-00015.safetensors
model.audio_tokenizer.audio_flow_matching_decoder.conditional_decoder.mid_blocks.9.1.2.attn1.to_v.weight	model-00015-of-00015.safetensors
model.audio_tokenizer.audio_flow_matching_decoder.conditional_decoder.mid_blocks.9.1.2.ff.net.0.proj.bias	model-00015-of-00015.safetensors
model.audio_tokenizer.audio_flow_matching_decoder.conditional_decoder.mid_blocks.9.1.2.ff.net.0.proj.weight	model-00015-of-00015.safetensors
model.audio_tokenizer.audio_flow_matching_decoder.conditional_decoder.mid_blocks.9.1.2.ff.net.2.bias	model-00015-of-00015.safetensors
model.audio_tokenizer.audio_flow_matching_decoder.conditional_decoder.mid_blocks.9.1.2.ff.net.2.weight	model-00015-of-00015.safetensors
model.audio_tokenizer.audio_flow_matching_decoder.conditional_decoder.mid_blocks.9.1.2.norm1.bias	model-00015-of-00015.safetensors
model.audio_tokenizer.audio_flow_matching_decoder.conditional_decoder.mid_blocks.9.1.2.norm1.weight	model-00015-of-00015.safetensors
model.audio_tokenizer.audio_flow_matching_decoder.conditional_decoder.mid_blocks.9.1.2.norm3.bias	model-00015-of-00015.safetensors
model.audio_tokenizer.audio_flow_matching_decoder.conditional_decoder.mid_blocks.9.1.2.norm3.weight	model-00015-of-00015.safetensors
model.audio_tokenizer.audio_flow_matching_decoder.conditional_decoder.mid_blocks.9.1.3.attn1.to_k.weight	model-00015-of-00015.safetensors
model.audio_tokenizer.audio_flow_matching_decoder.conditional_decoder.mid_blocks.9.1.3.attn1.to_out.0.bias	model-00015-of-00015.safetensors
model.audio_tokenizer.audio_flow_matching_decoder.conditional_decoder.mid_blocks.9.1.3.attn1.to_out.0.weight	model-00015-of-00015.safetensors
model.audio_tokenizer.audio_flow_matching_decoder.conditional_decoder.mid_blocks.9.1.3.attn1.to_q.weight	model-00015-of-00015.safetensors
model.audio_tokenizer.audio_flow_matching_decoder.conditional_decoder.mid_blocks.9.1.3.attn1.to_v.weight	model-00015-of-00015.safetensors
model.audio_tokenizer.audio_flow_matching_decoder.conditional_decoder.mid_blocks.9.1.3.ff.net.0.proj.bias	model-00015-of-00015.safetensors
model.audio_tokenizer.audio_flow_matching_decoder.conditional_decoder.mid_blocks.9.1.3.ff.net.0.proj.weight	model-00015-of-00015.safetensors
model.audio_tokenizer.audio_flow_matching_decoder.conditional_decoder.mid_blocks.9.1.3.ff.net.2.bias	model-00015-of-00015.safetensors
model.audio_tokenizer.audio_flow_matching_decoder.conditional_decoder.mid_blocks.9.1.3.ff.net.2.weight	model-00015-of-00015.safetensors
model.audio_tokenizer.audio_flow_matching_decoder.conditional_decoder.mid_blocks.9.1.3.norm1.bias	model-00015-of-00015.safetensors
model.audio_tokenizer.audio_flow_matching_decoder.conditional_decoder.mid_blocks.9.1.3.norm1.weight	model-00015-of-00015.safetensors
model.audio_tokenizer.audio_flow_matching_decoder.conditional_decoder.mid_blocks.9.1.3.norm3.bias	model-00015-of-00015.safetensors
model.audio_tokenizer.audio_flow_matching_decoder.conditional_decoder.mid_blocks.9.1.3.norm3.weight	model-00015-of-00015.safetensors
model.audio_tokenizer.audio_flow_matching_decoder.conditional_decoder.time_mlp.linear_1.bias	model-00015-of-00015.safetensors
model.audio_tokenizer.audio_flow_matching_decoder.conditional_decoder.time_mlp.linear_1.weight	model-00015-of-00015.safetensors
model.audio_tokenizer.audio_flow_matching_decoder.conditional_decoder.time_mlp.linear_2.bias	model-00015-of-00015.safetensors
model.audio_tokenizer.audio_flow_matching_decoder.conditional_decoder.time_mlp.linear_2.weight	model-00015-of-00015.safetensors
model.audio_tokenizer.audio_flow_matching_decoder.conditional_decoder.up_blocks.0.0.block1.block.0.bias	model-00015-of-00015.safetensors
model.audio_tokenizer.audio_flow_matching_decoder.conditional_decoder.up_blocks.0.0.block1.block.0.weight	model-00015-of-00015.safetensors
model.audio_tokenizer.audio_flow_matching_decoder.conditional_decoder.up_blocks.0.0.block1.block.2.bias	model-00015-of-00015.safetensors
model.audio_tokenizer.audio_flow_matching_decoder.conditional_decoder.up_blocks.0.0.block1.block.2.weight	model-00015-of-00015.safetensors
model.audio_tokenizer.audio_flow_matching_decoder.conditional_decoder.up_blocks.0.0.block2.block.0.bias	model-00015-of-00015.safetensors
model.audio_tokenizer.audio_flow_matching_decoder.conditional_decoder.up_blocks.0.0.block2.block.0.weight	model-00015-of-00015.safetensors
model.audio_tokenizer.audio_flow_matching_decoder.conditional_decoder.up_blocks.0.0.block2.block.2.bias	model-00015-of-00015.safetensors
model.audio_tokenizer.audio_flow_matching_decoder.conditional_decoder.up_blocks.0.0.block2.block.2.weight	model-00015-of-00015.safetensors
model.audio_tokenizer.audio_flow_matching_decoder.conditional_decoder.up_blocks.0.0.mlp.1.bias	model-00015-of-00015.safetensors
model.audio_tokenizer.audio_flow_matching_decoder.conditional_decoder.up_blocks.0.0.mlp.1.weight	model-00015-of-00015.safetensors
model.audio_tokenizer.audio_flow_matching_decoder.conditional_decoder.up_blocks.0.0.res_conv.bias	model-00015-of-00015.safetensors
model.audio_tokenizer.audio_flow_matching_decoder.conditional_decoder.up_blocks.0.0.res_conv.weight	model-00015-of-00015.safetensors
model.audio_tokenizer.audio_flow_matching_decoder.conditional_decoder.up_blocks.0.1.0.attn1.to_k.weight	model-00015-of-00015.safetensors
model.audio_tokenizer.audio_flow_matching_decoder.conditional_decoder.up_blocks.0.1.0.attn1.to_out.0.bias	model-00015-of-00015.safetensors
model.audio_tokenizer.audio_flow_matching_decoder.conditional_decoder.up_blocks.0.1.0.attn1.to_out.0.weight	model-00015-of-00015.safetensors
model.audio_tokenizer.audio_flow_matching_decoder.conditional_decoder.up_blocks.0.1.0.attn1.to_q.weight	model-00015-of-00015.safetensors
model.audio_tokenizer.audio_flow_matching_decoder.conditional_decoder.up_blocks.0.1.0.attn1.to_v.weight	model-00015-of-00015.safetensors
model.audio_tokenizer.audio_flow_matching_decoder.conditional_decoder.up_blocks.0.1.0.ff.net.0.proj.bias	model-00015-of-00015.safetensors
model.audio_tokenizer.audio_flow_matching_decoder.conditional_decoder.up_blocks.0.1.0.ff.net.0.proj.weight	model-00015-of-00015.safetensors
model.audio_tokenizer.audio_flow_matching_decoder.conditional_decoder.up_blocks.0.1.0.ff.net.2.bias	model-00015-of-00015.safetensors
model.audio_tokenizer.audio_flow_matching_decoder.conditional_decoder.up_blocks.0.1.0.ff.net.2.weight	model-00015-of-00015.safetensors
model.audio_tokenizer.audio_flow_matching_decoder.conditional_decoder.up_blocks.0.1.0.norm1.bias	model-00015-of-00015.safetensors
model.audio_tokenizer.audio_flow_matching_decoder.conditional_decoder.up_blocks.0.1.0.norm1.weight	model-00015-of-00015.safetensors
model.audio_tokenizer.audio_flow_matching_decoder.conditional_decoder.up_blocks.0.1.0.norm3.bias	model-00015-of-00015.safetensors
model.audio_tokenizer.audio_flow_matching_decoder.conditional_decoder.up_blocks.0.1.0.norm3.weight	model-00015-of-00015.safetensors
model.audio_tokenizer.audio_flow_matching_decoder.conditional_decoder.up_blocks.0.1.1.attn1.to_k.weight	model-00015-of-00015.safetensors
model.audio_tokenizer.audio_flow_matching_decoder.conditional_decoder.up_blocks.0.1.1.attn1.to_out.0.bias	model-00015-of-00015.safetensors
model.audio_tokenizer.audio_flow_matching_decoder.conditional_decoder.up_blocks.0.1.1.attn1.to_out.0.weight	model-00015-of-00015.safetensors
model.audio_tokenizer.audio_flow_matching_decoder.conditional_decoder.up_blocks.0.1.1.attn1.to_q.weight	model-00015-of-00015.safetensors
model.audio_tokenizer.audio_flow_matching_decoder.conditional_decoder.up_blocks.0.1.1.attn1.to_v.weight	model-00015-of-00015.safetensors
model.audio_tokenizer.audio_flow_matching_decoder.conditional_decoder.up_blocks.0.1.1.ff.net.0.proj.bias	model-00015-of-00015.safetensors
model.audio_tokenizer.audio_flow_matching_decoder.conditional_decoder.up_blocks.0.1.1.ff.net.0.proj.weight	model-00015-of-00015.safetensors
model.audio_tokenizer.audio_flow_matching_decoder.conditional_decoder.up_blocks.0.1.1.ff.net.2.bias	model-00015-of-00015.safetensors
model.audio_tokenizer.audio_flow_matching_decoder.conditional_decoder.up_blocks.0.1.1.ff.net.2.weight	model-00015-of-00015.safetensors
model.audio_tokenizer.audio_flow_matching_decoder.conditional_decoder.up_blocks.0.1.1.norm1.bias	model-00015-of-00015.safetensors
model.audio_tokenizer.audio_flow_matching_decoder.conditional_decoder.up_blocks.0.1.1.norm1.weight	model-00015-of-00015.safetensors
model.audio_tokenizer.audio_flow_matching_decoder.conditional_decoder.up_blocks.0.1.1.norm3.bias	model-00015-of-00015.safetensors
model.audio_tokenizer.audio_flow_matching_decoder.conditional_decoder.up_blocks.0.1.1.norm3.weight	model-00015-of-00015.safetensors
model.audio_tokenizer.audio_flow_matching_decoder.conditional_decoder.up_blocks.0.1.2.attn1.to_k.weight	model-00015-of-00015.safetensors
model.audio_tokenizer.audio_flow_matching_decoder.conditional_decoder.up_blocks.0.1.2.attn1.to_out.0.bias	model-00015-of-00015.safetensors
model.audio_tokenizer.audio_flow_matching_decoder.conditional_decoder.up_blocks.0.1.2.attn1.to_out.0.weight	model-00015-of-00015.safetensors
model.audio_tokenizer.audio_flow_matching_decoder.conditional_decoder.up_blocks.0.1.2.attn1.to_q.weight	model-00015-of-00015.safetensors
model.audio_tokenizer.audio_flow_matching_decoder.conditional_decoder.up_blocks.0.1.2.attn1.to_v.weight	model-00015-of-00015.safetensors
model.audio_tokenizer.audio_flow_matching_decoder.conditional_decoder.up_blocks.0.1.2.ff.net.0.proj.bias	model-00015-of-00015.safetensors
model.audio_tokenizer.audio_flow_matching_decoder.conditional_decoder.up_blocks.0.1.2.ff.net.0.proj.weight	model-00015-of-00015.safetensors
model.audio_tokenizer.audio_flow_matching_decoder.conditional_decoder.up_blocks.0.1.2.ff.net.2.bias	model-00015-of-00015.safetensors
model.audio_tokenizer.audio_flow_matching_decoder.conditional_decoder.up_blocks.0.1.2.ff.net.2.weight	model-00015-of-00015.safetensors
model.audio_tokenizer.audio_flow_matching_decoder.conditional_decoder.up_blocks.0.1.2.norm1.bias	model-00015-of-00015.safetensors
model.audio_tokenizer.audio_flow_matching_decoder.conditional_decoder.up_blocks.0.1.2.norm1.weight	model-00015-of-00015.safetensors
model.audio_tokenizer.audio_flow_matching_decoder.conditional_decoder.up_blocks.0.1.2.norm3.bias	model-00015-of-00015.safetensors
model.audio_tokenizer.audio_flow_matching_decoder.conditional_decoder.up_blocks.0.1.2.norm3.weight	model-00015-of-00015.safetensors
model.audio_tokenizer.audio_flow_matching_decoder.conditional_decoder.up_blocks.0.1.3.attn1.to_k.weight	model-00015-of-00015.safetensors
model.audio_tokenizer.audio_flow_matching_decoder.conditional_decoder.up_blocks.0.1.3.attn1.to_out.0.bias	model-00015-of-00015.safetensors
model.audio_tokenizer.audio_flow_matching_decoder.conditional_decoder.up_blocks.0.1.3.attn1.to_out.0.weight	model-00015-of-00015.safetensors
model.audio_tokenizer.audio_flow_matching_decoder.conditional_decoder.up_blocks.0.1.3.attn1.to_q.weight	model-00015-of-00015.safetensors
model.audio_tokenizer.audio_flow_matching_decoder.conditional_decoder.up_blocks.0.1.3.attn1.to_v.weight	model-00015-of-00015.safetensors
model.audio_tokenizer.audio_flow_matching_decoder.conditional_decoder.up_blocks.0.1.3.ff.net.0.proj.bias	model-00015-of-00015.safetensors
model.audio_tokenizer.audio_flow_matching_decoder.conditional_decoder.up_blocks.0.1.3.ff.net.0.proj.weight	model-00015-of-00015.safetensors
model.audio_tokenizer.audio_flow_matching_decoder.conditional_decoder.up_blocks.0.1.3.ff.net.2.bias	model-00015-of-00015.safetensors
model.audio_tokenizer.audio_flow_matching_decoder.conditional_decoder.up_blocks.0.1.3.ff.net.2.weight	model-00015-of-00015.safetensors
model.audio_tokenizer.audio_flow_matching_decoder.conditional_decoder.up_blocks.0.1.3.norm1.bias	model-00015-of-00015.safetensors
model.audio_tokenizer.audio_flow_matching_decoder.conditional_decoder.up_blocks.0.1.3.norm1.weight	model-00015-of-00015.safetensors
model.audio_tokenizer.audio_flow_matching_decoder.conditional_decoder.up_blocks.0.1.3.norm3.bias	model-00015-of-00015.safetensors
model.audio_tokenizer.audio_flow_matching_decoder.conditional_decoder.up_blocks.0.1.3.norm3.weight	model-00015-of-00015.safetensors
model.audio_tokenizer.audio_flow_matching_decoder.conditional_decoder.up_blocks.0.2.bias	model-00015-of-00015.safetensors
model.audio_tokenizer.audio_flow_matching_decoder.conditional_decoder.up_blocks.0.2.weight	model-00015-of-00015.safetensors
model.audio_tokenizer.audio_flow_matching_decoder.prenet.final_norm.weight	model-00015-of-00015.safetensors
model.audio_tokenizer.audio_flow_matching_decoder.prenet.in_mlp.0.bias	model-00015-of-00015.safetensors
model.audio_tokenizer.audio_flow_matching_decoder.prenet.in_mlp.0.weight	model-00015-of-00015.safetensors
model.audio_tokenizer.audio_flow_matching_decoder.prenet.in_mlp.2.bias	model-00015-of-00015.safetensors
model.audio_tokenizer.audio_flow_matching_decoder.prenet.in_mlp.2.weight	model-00015-of-00015.safetensors
model.audio_tokenizer.audio_flow_matching_decoder.prenet.out_proj.weight	model-00015-of-00015.safetensors
model.audio_tokenizer.audio_flow_matching_decoder.prenet.positional_embedding	model-00015-of-00015.safetensors
model.audio_tokenizer.audio_flow_matching_decoder.prenet.transformer_layers.0.fc1.bias	model-00015-of-00015.safetensors
model.audio_tokenizer.audio_flow_matching_decoder.prenet.transformer_layers.0.fc1.weight	model-00015-of-00015.safetensors
model.audio_tokenizer.audio_flow_matching_decoder.prenet.transformer_layers.0.fc2.bias	model-00015-of-00015.safetensors
model.audio_tokenizer.audio_flow_matching_decoder.prenet.transformer_layers.0.fc2.weight	model-00015-of-00015.safetensors
model.audio_tokenizer.audio_flow_matching_decoder.prenet.transformer_layers.0.final_layer_norm.weight	model-00015-of-00015.safetensors
model.audio_tokenizer.audio_flow_matching_decoder.prenet.transformer_layers.0.self_attn.k_proj.weight	model-00015-of-00015.safetensors
model.audio_tokenizer.audio_flow_matching_decoder.prenet.transformer_layers.0.self_attn.out_proj.bias	model-00015-of-00015.safetensors
model.audio_tokenizer.audio_flow_matching_decoder.prenet.transformer_layers.0.self_attn.out_proj.weight	model-00015-of-00015.safetensors
model.audio_tokenizer.audio_flow_matching_decoder.prenet.transformer_layers.0.self_attn.q_proj.bias	model-00015-of-00015.safetensors
model.audio_tokenizer.audio_flow_matching_decoder.prenet.transformer_layers.0.self_attn.q_proj.weight	model-00015-of-00015.safetensors
model.audio_tokenizer.audio_flow_matching_decoder.prenet.transformer_layers.0.self_attn.v_proj.bias	model-00015-of-00015.safetensors
model.audio_tokenizer.audio_flow_matching_decoder.prenet.transformer_layers.0.self_attn.v_proj.weight	model-00015-of-00015.safetensors
model.audio_tokenizer.audio_flow_matching_decoder.prenet.transformer_layers.0.self_attn_layer_norm.weight	model-00015-of-00015.safetensors
model.audio_tokenizer.audio_flow_matching_decoder.prenet.transformer_layers.1.fc1.bias	model-00015-of-00015.safetensors
model.audio_tokenizer.audio_flow_matching_decoder.prenet.transformer_layers.1.fc1.weight	model-00015-of-00015.safetensors
model.audio_tokenizer.audio_flow_matching_decoder.prenet.transformer_layers.1.fc2.bias	model-00015-of-00015.safetensors
model.audio_tokenizer.audio_flow_matching_decoder.prenet.transformer_layers.1.fc2.weight	model-00015-of-00015.safetensors
model.audio_tokenizer.audio_flow_matching_decoder.prenet.transformer_layers.1.final_layer_norm.weight	model-00015-of-00015.safetensors
model.audio_tokenizer.audio_flow_matching_decoder.prenet.transformer_layers.1.self_attn.k_proj.weight	model-00015-of-00015.safetensors
model.audio_tokenizer.audio_flow_matching_decoder.prenet.transformer_layers.1.self_attn.out_proj.bias	model-00015-of-00015.safetensors
model.audio_tokenizer.audio_flow_matching_decoder.prenet.transformer_layers.1.self_attn.out_proj.weight	model-00015-of-00015.safetensors
model.audio_tokenizer.audio_flow_matching_decoder.prenet.transformer_layers.1.self_attn.q_proj.bias	model-00015-of-00015.safetensors
model.audio_tokenizer.audio_flow_matching_decoder.prenet.transformer_layers.1.self_attn.q_proj.weight	model-00015-of-00015.safetensors
model.audio_tokenizer.audio_flow_matching_decoder.prenet.transformer_layers.1.self_attn.v_proj.bias	model-00015-of-00015.safetensors
model.audio_tokenizer.audio_flow_matching_decoder.prenet.transformer_layers.1.self_attn.v_proj.weight	model-00015-of-00015.safetensors
model.audio_tokenizer.audio_flow_matching_decoder.prenet.transformer_layers.1.self_attn_layer_norm.weight	model-00015-of-00015.safetensors
model.audio_tokenizer.audio_flow_matching_decoder.prenet.transformer_layers.10.fc1.bias	model-00015-of-00015.safetensors
model.audio_tokenizer.audio_flow_matching_decoder.prenet.transformer_layers.10.fc1.weight	model-00015-of-00015.safetensors
model.audio_tokenizer.audio_flow_matching_decoder.prenet.transformer_layers.10.fc2.bias	model-00015-of-00015.safetensors
model.audio_tokenizer.audio_flow_matching_decoder.prenet.transformer_layers.10.fc2.weight	model-00015-of-00015.safetensors
model.audio_tokenizer.audio_flow_matching_decoder.prenet.transformer_layers.10.final_layer_norm.weight	model-00015-of-00015.safetensors
model.audio_tokenizer.audio_flow_matching_decoder.prenet.transformer_layers.10.self_attn.k_proj.weight	model-00015-of-00015.safetensors
model.audio_tokenizer.audio_flow_matching_decoder.prenet.transformer_layers.10.self_attn.out_proj.bias	model-00015-of-00015.safetensors
model.audio_tokenizer.audio_flow_matching_decoder.prenet.transformer_layers.10.self_attn.out_proj.weight	model-00015-of-00015.safetensors
model.audio_tokenizer.audio_flow_matching_decoder.prenet.transformer_layers.10.self_attn.q_proj.bias	model-00015-of-00015.safetensors
model.audio_tokenizer.audio_flow_matching_decoder.prenet.transformer_layers.10.self_attn.q_proj.weight	model-00015-of-00015.safetensors
model.audio_tokenizer.audio_flow_matching_decoder.prenet.transformer_layers.10.self_attn.v_proj.bias	model-00015-of-00015.safetensors
model.audio_tokenizer.audio_flow_matching_decoder.prenet.transformer_layers.10.self_attn.v_proj.weight	model-00015-of-00015.safetensors
model.audio_tokenizer.audio_flow_matching_decoder.prenet.transformer_layers.10.self_attn_layer_norm.weight	model-00015-of-00015.safetensors
model.audio_tokenizer.audio_flow_matching_decoder.prenet.transformer_layers.11.fc1.bias	model-00015-of-00015.safetensors
model.audio_tokenizer.audio_flow_matching_decoder.prenet.transformer_layers.11.fc1.weight	model-00015-of-00015.safetensors
model.audio_tokenizer.audio_flow_matching_decoder.prenet.transformer_layers.11.fc2.bias	model-00015-of-00015.safetensors
model.audio_tokenizer.audio_flow_matching_decoder.prenet.transformer_layers.11.fc2.weight	model-00015-of-00015.safetensors
model.audio_tokenizer.audio_flow_matching_decoder.prenet.transformer_layers.11.final_layer_norm.weight	model-00015-of-00015.safetensors
model.audio_tokenizer.audio_flow_matching_decoder.prenet.transformer_layers.11.self_attn.k_proj.weight	model-00015-of-00015.safetensors
model.audio_tokenizer.audio_flow_matching_decoder.prenet.transformer_layers.11.self_attn.out_proj.bias	model-00015-of-00015.safetensors
model.audio_tokenizer.audio_flow_matching_decoder.prenet.transformer_layers.11.self_attn.out_proj.weight	model-00015-of-00015.safetensors
model.audio_tokenizer.audio_flow_matching_decoder.prenet.transformer_layers.11.self_attn.q_proj.bias	model-00015-of-00015.safetensors
model.audio_tokenizer.audio_flow_matching_decoder.prenet.transformer_layers.11.self_attn.q_proj.weight	model-00015-of-00015.safetensors
model.audio_tokenizer.audio_flow_matching_decoder.prenet.transformer_layers.11.self_attn.v_proj.bias	model-00015-of-00015.safetensors
model.audio_tokenizer.audio_flow_matching_decoder.prenet.transformer_layers.11.self_attn.v_proj.weight	model-00015-of-00015.safetensors
model.audio_tokenizer.audio_flow_matching_decoder.prenet.transformer_layers.11.self_attn_layer_norm.weight	model-00015-of-00015.safetensors
model.audio_tokenizer.audio_flow_matching_decoder.prenet.transformer_layers.2.fc1.bias	model-00015-of-00015.safetensors
model.audio_tokenizer.audio_flow_matching_decoder.prenet.transformer_layers.2.fc1.weight	model-00015-of-00015.safetensors
model.audio_tokenizer.audio_flow_matching_decoder.prenet.transformer_layers.2.fc2.bias	model-00015-of-00015.safetensors
model.audio_tokenizer.audio_flow_matching_decoder.prenet.transformer_layers.2.fc2.weight	model-00015-of-00015.safetensors
model.audio_tokenizer.audio_flow_matching_decoder.prenet.transformer_layers.2.final_layer_norm.weight	model-00015-of-00015.safetensors
model.audio_tokenizer.audio_flow_matching_decoder.prenet.transformer_layers.2.self_attn.k_proj.weight	model-00015-of-00015.safetensors
model.audio_tokenizer.audio_flow_matching_decoder.prenet.transformer_layers.2.self_attn.out_proj.bias	model-00015-of-00015.safetensors
model.audio_tokenizer.audio_flow_matching_decoder.prenet.transformer_layers.2.self_attn.out_proj.weight	model-00015-of-00015.safetensors
model.audio_tokenizer.audio_flow_matching_decoder.prenet.transformer_layers.2.self_attn.q_proj.bias	model-00015-of-00015.safetensors
model.audio_tokenizer.audio_flow_matching_decoder.prenet.transformer_layers.2.self_attn.q_proj.weight	model-00015-of-00015.safetensors
model.audio_tokenizer.audio_flow_matching_decoder.prenet.transformer_layers.2.self_attn.v_proj.bias	model-00015-of-00015.safetensors
model.audio_tokenizer.audio_flow_matching_decoder.prenet.transformer_layers.2.self_attn.v_proj.weight	model-00015-of-00015.safetensors
model.audio_tokenizer.audio_flow_matching_decoder.prenet.transformer_layers.2.self_attn_layer_norm.weight	model-00015-of-00015.safetensors
model.audio_tokenizer.audio_flow_matching_decoder.prenet.transformer_layers.3.fc1.bias	model-00015-of-00015.safetensors
model.audio_tokenizer.audio_flow_matching_decoder.prenet.transformer_layers.3.fc1.weight	model-00015-of-00015.safetensors
model.audio_tokenizer.audio_flow_matching_decoder.prenet.transformer_layers.3.fc2.bias	model-00015-of-00015.safetensors
model.audio_tokenizer.audio_flow_matching_decoder.prenet.transformer_layers.3.fc2.weight	model-00015-of-00015.safetensors
model.audio_tokenizer.audio_flow_matching_decoder.prenet.transformer_layers.3.final_layer_norm.weight	model-00015-of-00015.safetensors
model.audio_tokenizer.audio_flow_matching_decoder.prenet.transformer_layers.3.self_attn.k_proj.weight	model-00015-of-00015.safetensors
model.audio_tokenizer.audio_flow_matching_decoder.prenet.transformer_layers.3.self_attn.out_proj.bias	model-00015-of-00015.safetensors
model.audio_tokenizer.audio_flow_matching_decoder.prenet.transformer_layers.3.self_attn.out_proj.weight	model-00015-of-00015.safetensors
model.audio_tokenizer.audio_flow_matching_decoder.prenet.transformer_layers.3.self_attn.q_proj.bias	model-00015-of-00015.safetensors
model.audio_tokenizer.audio_flow_matching_decoder.prenet.transformer_layers.3.self_attn.q_proj.weight	model-00015-of-00015.safetensors
model.audio_tokenizer.audio_flow_matching_decoder.prenet.transformer_layers.3.self_attn.v_proj.bias	model-00015-of-00015.safetensors
model.audio_tokenizer.audio_flow_matching_decoder.prenet.transformer_layers.3.self_attn.v_proj.weight	model-00015-of-00015.safetensors
model.audio_tokenizer.audio_flow_matching_decoder.prenet.transformer_layers.3.self_attn_layer_norm.weight	model-00015-of-00015.safetensors
model.audio_tokenizer.audio_flow_matching_decoder.prenet.transformer_layers.4.fc1.bias	model-00015-of-00015.safetensors
model.audio_tokenizer.audio_flow_matching_decoder.prenet.transformer_layers.4.fc1.weight	model-00015-of-00015.safetensors
model.audio_tokenizer.audio_flow_matching_decoder.prenet.transformer_layers.4.fc2.bias	model-00015-of-00015.safetensors
model.audio_tokenizer.audio_flow_matching_decoder.prenet.transformer_layers.4.fc2.weight	model-00015-of-00015.safetensors
model.audio_tokenizer.audio_flow_matching_decoder.prenet.transformer_layers.4.final_layer_norm.weight	model-00015-of-00015.safetensors
model.audio_tokenizer.audio_flow_matching_decoder.prenet.transformer_layers.4.self_attn.k_proj.weight	model-00015-of-00015.safetensors
model.audio_tokenizer.audio_flow_matching_decoder.prenet.transformer_layers.4.self_attn.out_proj.bias	model-00015-of-00015.safetensors
model.audio_tokenizer.audio_flow_matching_decoder.prenet.transformer_layers.4.self_attn.out_proj.weight	model-00015-of-00015.safetensors
model.audio_tokenizer.audio_flow_matching_decoder.prenet.transformer_layers.4.self_attn.q_proj.bias	model-00015-of-00015.safetensors
model.audio_tokenizer.audio_flow_matching_decoder.prenet.transformer_layers.4.self_attn.q_proj.weight	model-00015-of-00015.safetensors
model.audio_tokenizer.audio_flow_matching_decoder.prenet.transformer_layers.4.self_attn.v_proj.bias	model-00015-of-00015.safetensors
model.audio_tokenizer.audio_flow_matching_decoder.prenet.transformer_layers.4.self_attn.v_proj.weight	model-00015-of-00015.safetensors
model.audio_tokenizer.audio_flow_matching_decoder.prenet.transformer_layers.4.self_attn_layer_norm.weight	model-00015-of-00015.safetensors
model.audio_tokenizer.audio_flow_matching_decoder.prenet.transformer_layers.5.fc1.bias	model-00015-of-00015.safetensors
model.audio_tokenizer.audio_flow_matching_decoder.prenet.transformer_layers.5.fc1.weight	model-00015-of-00015.safetensors
model.audio_tokenizer.audio_flow_matching_decoder.prenet.transformer_layers.5.fc2.bias	model-00015-of-00015.safetensors
model.audio_tokenizer.audio_flow_matching_decoder.prenet.transformer_layers.5.fc2.weight	model-00015-of-00015.safetensors
model.audio_tokenizer.audio_flow_matching_decoder.prenet.transformer_layers.5.final_layer_norm.weight	model-00015-of-00015.safetensors
model.audio_tokenizer.audio_flow_matching_decoder.prenet.transformer_layers.5.self_attn.k_proj.weight	model-00015-of-00015.safetensors
model.audio_tokenizer.audio_flow_matching_decoder.prenet.transformer_layers.5.self_attn.out_proj.bias	model-00015-of-00015.safetensors
model.audio_tokenizer.audio_flow_matching_decoder.prenet.transformer_layers.5.self_attn.out_proj.weight	model-00015-of-00015.safetensors
model.audio_tokenizer.audio_flow_matching_decoder.prenet.transformer_layers.5.self_attn.q_proj.bias	model-00015-of-00015.safetensors
model.audio_tokenizer.audio_flow_matching_decoder.prenet.transformer_layers.5.self_attn.q_proj.weight	model-00015-of-00015.safetensors
model.audio_tokenizer.audio_flow_matching_decoder.prenet.transformer_layers.5.self_attn.v_proj.bias	model-00015-of-00015.safetensors
model.audio_tokenizer.audio_flow_matching_decoder.prenet.transformer_layers.5.self_attn.v_proj.weight	model-00015-of-00015.safetensors
model.audio_tokenizer.audio_flow_matching_decoder.prenet.transformer_layers.5.self_attn_layer_norm.weight	model-00015-of-00015.safetensors
model.audio_tokenizer.audio_flow_matching_decoder.prenet.transformer_layers.6.fc1.bias	model-00015-of-00015.safetensors
model.audio_tokenizer.audio_flow_matching_decoder.prenet.transformer_layers.6.fc1.weight	model-00015-of-00015.safetensors
model.audio_tokenizer.audio_flow_matching_decoder.prenet.transformer_layers.6.fc2.bias	model-00015-of-00015.safetensors
model.audio_tokenizer.audio_flow_matching_decoder.prenet.transformer_layers.6.fc2.weight	model-00015-of-00015.safetensors
model.audio_tokenizer.audio_flow_matching_decoder.prenet.transformer_layers.6.final_layer_norm.weight	model-00015-of-00015.safetensors
model.audio_tokenizer.audio_flow_matching_decoder.prenet.transformer_layers.6.self_attn.k_proj.weight	model-00015-of-00015.safetensors
model.audio_tokenizer.audio_flow_matching_decoder.prenet.transformer_layers.6.self_attn.out_proj.bias	model-00015-of-00015.safetensors
model.audio_tokenizer.audio_flow_matching_decoder.prenet.transformer_layers.6.self_attn.out_proj.weight	model-00015-of-00015.safetensors
model.audio_tokenizer.audio_flow_matching_decoder.prenet.transformer_layers.6.self_attn.q_proj.bias	model-00015-of-00015.safetensors
model.audio_tokenizer.audio_flow_matching_decoder.prenet.transformer_layers.6.self_attn.q_proj.weight	model-00015-of-00015.safetensors
model.audio_tokenizer.audio_flow_matching_decoder.prenet.transformer_layers.6.self_attn.v_proj.bias	model-00015-of-00015.safetensors
model.audio_tokenizer.audio_flow_matching_decoder.prenet.transformer_layers.6.self_attn.v_proj.weight	model-00015-of-00015.safetensors
model.audio_tokenizer.audio_flow_matching_decoder.prenet.transformer_layers.6.self_attn_layer_norm.weight	model-00015-of-00015.safetensors
model.audio_tokenizer.audio_flow_matching_decoder.prenet.transformer_layers.7.fc1.bias	model-00015-of-00015.safetensors
model.audio_tokenizer.audio_flow_matching_decoder.prenet.transformer_layers.7.fc1.weight	model-00015-of-00015.safetensors
model.audio_tokenizer.audio_flow_matching_decoder.prenet.transformer_layers.7.fc2.bias	model-00015-of-00015.safetensors
model.audio_tokenizer.audio_flow_matching_decoder.prenet.transformer_layers.7.fc2.weight	model-00015-of-00015.safetensors
model.audio_tokenizer.audio_flow_matching_decoder.prenet.transformer_layers.7.final_layer_norm.weight	model-00015-of-00015.safetensors
model.audio_tokenizer.audio_flow_matching_decoder.prenet.transformer_layers.7.self_attn.k_proj.weight	model-00015-of-00015.safetensors
model.audio_tokenizer.audio_flow_matching_decoder.prenet.transformer_layers.7.self_attn.out_proj.bias	model-00015-of-00015.safetensors
model.audio_tokenizer.audio_flow_matching_decoder.prenet.transformer_layers.7.self_attn.out_proj.weight	model-00015-of-00015.safetensors
model.audio_tokenizer.audio_flow_matching_decoder.prenet.transformer_layers.7.self_attn.q_proj.bias	model-00015-of-00015.safetensors
model.audio_tokenizer.audio_flow_matching_decoder.prenet.transformer_layers.7.self_attn.q_proj.weight	model-00015-of-00015.safetensors
model.audio_tokenizer.audio_flow_matching_decoder.prenet.transformer_layers.7.self_attn.v_proj.bias	model-00015-of-00015.safetensors
model.audio_tokenizer.audio_flow_matching_decoder.prenet.transformer_layers.7.self_attn.v_proj.weight	model-00015-of-00015.safetensors
model.audio_tokenizer.audio_flow_matching_decoder.prenet.transformer_layers.7.self_attn_layer_norm.weight	model-00015-of-00015.safetensors
model.audio_tokenizer.audio_flow_matching_decoder.prenet.transformer_layers.8.fc1.bias	model-00015-of-00015.safetensors
model.audio_tokenizer.audio_flow_matching_decoder.prenet.transformer_layers.8.fc1.weight	model-00015-of-00015.safetensors
model.audio_tokenizer.audio_flow_matching_decoder.prenet.transformer_layers.8.fc2.bias	model-00015-of-00015.safetensors
model.audio_tokenizer.audio_flow_matching_decoder.prenet.transformer_layers.8.fc2.weight	model-00015-of-00015.safetensors
model.audio_tokenizer.audio_flow_matching_decoder.prenet.transformer_layers.8.final_layer_norm.weight	model-00015-of-00015.safetensors
model.audio_tokenizer.audio_flow_matching_decoder.prenet.transformer_layers.8.self_attn.k_proj.weight	model-00015-of-00015.safetensors
model.audio_tokenizer.audio_flow_matching_decoder.prenet.transformer_layers.8.self_attn.out_proj.bias	model-00015-of-00015.safetensors
model.audio_tokenizer.audio_flow_matching_decoder.prenet.transformer_layers.8.self_attn.out_proj.weight	model-00015-of-00015.safetensors
model.audio_tokenizer.audio_flow_matching_decoder.prenet.transformer_layers.8.self_attn.q_proj.bias	model-00015-of-00015.safetensors
model.audio_tokenizer.audio_flow_matching_decoder.prenet.transformer_layers.8.self_attn.q_proj.weight	model-00015-of-00015.safetensors
model.audio_tokenizer.audio_flow_matching_decoder.prenet.transformer_layers.8.self_attn.v_proj.bias	model-00015-of-00015.safetensors
model.audio_tokenizer.audio_flow_matching_decoder.prenet.transformer_layers.8.self_attn.v_proj.weight	model-00015-of-00015.safetensors
model.audio_tokenizer.audio_flow_matching_decoder.prenet.transformer_layers.8.self_attn_layer_norm.weight	model-00015-of-00015.safetensors
model.audio_tokenizer.audio_flow_matching_decoder.prenet.transformer_layers.9.fc1.bias	model-00015-of-00015.safetensors
model.audio_tokenizer.audio_flow_matching_decoder.prenet.transformer_layers.9.fc1.weight	model-00015-of-00015.safetensors
model.audio_tokenizer.audio_flow_matching_decoder.prenet.transformer_layers.9.fc2.bias	model-00015-of-00015.safetensors
model.audio_tokenizer.audio_flow_matching_decoder.prenet.transformer_layers.9.fc2.weight	model-00015-of-00015.safetensors
model.audio_tokenizer.audio_flow_matching_decoder.prenet.transformer_layers.9.final_layer_norm.weight	model-00015-of-00015.safetensors
model.audio_tokenizer.audio_flow_matching_decoder.prenet.transformer_layers.9.self_attn.k_proj.weight	model-00015-of-00015.safetensors
model.audio_tokenizer.audio_flow_matching_decoder.prenet.transformer_layers.9.self_attn.out_proj.bias	model-00015-of-00015.safetensors
model.audio_tokenizer.audio_flow_matching_decoder.prenet.transformer_layers.9.self_attn.out_proj.weight	model-00015-of-00015.safetensors
model.audio_tokenizer.audio_flow_matching_decoder.prenet.transformer_layers.9.self_attn.q_proj.bias	model-00015-of-00015.safetensors
model.audio_tokenizer.audio_flow_matching_decoder.prenet.transformer_layers.9.self_attn.q_proj.weight	model-00015-of-00015.safetensors
model.audio_tokenizer.audio_flow_matching_decoder.prenet.transformer_layers.9.self_attn.v_proj.bias	model-00015-of-00015.safetensors
model.audio_tokenizer.audio_flow_matching_decoder.prenet.transformer_layers.9.self_attn.v_proj.weight	model-00015-of-00015.safetensors
model.audio_tokenizer.audio_flow_matching_decoder.prenet.transformer_layers.9.self_attn_layer_norm.weight	model-00015-of-00015.safetensors
model.audio_tokenizer.audio_model.conv1.bias	model-00015-of-00015.safetensors
model.audio_tokenizer.audio_model.conv1.weight	model-00015-of-00015.safetensors
model.audio_tokenizer.audio_model.conv2.bias	model-00015-of-00015.safetensors
model.audio_tokenizer.audio_model.conv2.weight	model-00008-of-00015.safetensors
model.audio_tokenizer.audio_model.layer_norm.bias	model-00015-of-00015.safetensors
model.audio_tokenizer.audio_model.layer_norm.weight	model-00015-of-00015.safetensors
model.audio_tokenizer.audio_model.layers.0.fc1.bias	model-00015-of-00015.safetensors
model.audio_tokenizer.audio_model.layers.0.fc1.weight	model-00008-of-00015.safetensors
model.audio_tokenizer.audio_model.layers.0.fc2.bias	model-00015-of-00015.safetensors
model.audio_tokenizer.audio_model.layers.0.fc2.weight	model-00008-of-00015.safetensors
model.audio_tokenizer.audio_model.layers.0.final_layer_norm.bias	model-00015-of-00015.safetensors
model.audio_tokenizer.audio_model.layers.0.final_layer_norm.weight	model-00015-of-00015.safetensors
model.audio_tokenizer.audio_model.layers.0.self_attn.k_proj.weight	model-00015-of-00015.safetensors
model.audio_tokenizer.audio_model.layers.0.self_attn.out_proj.bias	model-00015-of-00015.safetensors
model.audio_tokenizer.audio_model.layers.0.self_attn.out_proj.weight	model-00015-of-00015.safetensors
model.audio_tokenizer.audio_model.layers.0.self_attn.q_proj.bias	model-00015-of-00015.safetensors
model.audio_tokenizer.audio_model.layers.0.self_attn.q_proj.weight	model-00015-of-00015.safetensors
model.audio_tokenizer.audio_model.layers.0.self_attn.v_proj.bias	model-00015-of-00015.safetensors
model.audio_tokenizer.audio_model.layers.0.self_attn.v_proj.weight	model-00015-of-00015.safetensors
model.audio_tokenizer.audio_model.layers.0.self_attn_layer_norm.bias	model-00015-of-00015.safetensors
model.audio_tokenizer.audio_model.layers.0.self_attn_layer_norm.weight	model-00015-of-00015.safetensors
model.audio_tokenizer.audio_model.layers.1.fc1.bias	model-00015-of-00015.safetensors
model.audio_tokenizer.audio_model.layers.1.fc1.weight	model-00008-of-00015.safetensors
model.audio_tokenizer.audio_model.layers.1.fc2.bias	model-00015-of-00015.safetensors
model.audio_tokenizer.audio_model.layers.1.fc2.weight	model-00008-of-00015.safetensors
model.audio_tokenizer.audio_model.layers.1.final_layer_norm.bias	model-00015-of-00015.safetensors
model.audio_tokenizer.audio_model.layers.1.final_layer_norm.weight	model-00015-of-00015.safetensors
model.audio_tokenizer.audio_model.layers.1.self_attn.k_proj.weight	model-00015-of-00015.safetensors
model.audio_tokenizer.audio_model.layers.1.self_attn.out_proj.bias	model-00015-of-00015.safetensors
model.audio_tokenizer.audio_model.layers.1.self_attn.out_proj.weight	model-00015-of-00015.safetensors
model.audio_tokenizer.audio_model.layers.1.self_attn.q_proj.bias	model-00015-of-00015.safetensors
model.audio_tokenizer.audio_model.layers.1.self_attn.q_proj.weight	model-00015-of-00015.safetensors
model.audio_tokenizer.audio_model.layers.1.self_attn.v_proj.bias	model-00015-of-00015.safetensors
model.audio_tokenizer.audio_model.layers.1.self_attn.v_proj.weight	model-00015-of-00015.safetensors
model.audio_tokenizer.audio_model.layers.1.self_attn_layer_norm.bias	model-00015-of-00015.safetensors
model.audio_tokenizer.audio_model.layers.1.self_attn_layer_norm.weight	model-00015-of-00015.safetensors
model.audio_tokenizer.audio_model.layers.10.fc1.bias	model-00015-of-00015.safetensors
model.audio_tokenizer.audio_model.layers.10.fc1.weight	model-00008-of-00015.safetensors
model.audio_tokenizer.audio_model.layers.10.fc2.bias	model-00015-of-00015.safetensors
model.audio_tokenizer.audio_model.layers.10.fc2.weight	model-00008-of-00015.safetensors
model.audio_tokenizer.audio_model.layers.10.final_layer_norm.bias	model-00015-of-00015.safetensors
model.audio_tokenizer.audio_model.layers.10.final_layer_norm.weight	model-00015-of-00015.safetensors
model.audio_tokenizer.audio_model.layers.10.self_attn.k_proj.weight	model-00015-of-00015.safetensors
model.audio_tokenizer.audio_model.layers.10.self_attn.out_proj.bias	model-00015-of-00015.safetensors
model.audio_tokenizer.audio_model.layers.10.self_attn.out_proj.weight	model-00015-of-00015.safetensors
model.audio_tokenizer.audio_model.layers.10.self_attn.q_proj.bias	model-00015-of-00015.safetensors
model.audio_tokenizer.audio_model.layers.10.self_attn.q_proj.weight	model-00015-of-00015.safetensors
model.audio_tokenizer.audio_model.layers.10.self_attn.v_proj.bias	model-00015-of-00015.safetensors
model.audio_tokenizer.audio_model.layers.10.self_attn.v_proj.weight	model-00015-of-00015.safetensors
model.audio_tokenizer.audio_model.layers.10.self_attn_layer_norm.bias	model-00015-of-00015.safetensors
model.audio_tokenizer.audio_model.layers.10.self_attn_layer_norm.weight	model-00015-of-00015.safetensors
model.audio_tokenizer.audio_model.layers.11.fc1.bias	model-00015-of-00015.safetensors
model.audio_tokenizer.audio_model.layers.11.fc1.weight	model-00008-of-00015.safetensors
model.audio_tokenizer.audio_model.layers.11.fc2.bias	model-00015-of-00015.safetensors
model.audio_tokenizer.audio_model.layers.11.fc2.weight	model-00008-of-00015.safetensors
model.audio_tokenizer.audio_model.layers.11.final_layer_norm.bias	model-00015-of-00015.safetensors
model.audio_tokenizer.audio_model.layers.11.final_layer_norm.weight	model-00015-of-00015.safetensors
model.audio_tokenizer.audio_model.layers.11.self_attn.k_proj.weight	model-00015-of-00015.safetensors
model.audio_tokenizer.audio_model.layers.11.self_attn.out_proj.bias	model-00015-of-00015.safetensors
model.audio_tokenizer.audio_model.layers.11.self_attn.out_proj.weight	model-00015-of-00015.safetensors
model.audio_tokenizer.audio_model.layers.11.self_attn.q_proj.bias	model-00015-of-00015.safetensors
model.audio_tokenizer.audio_model.layers.11.self_attn.q_proj.weight	model-00015-of-00015.safetensors
model.audio_tokenizer.audio_model.layers.11.self_attn.v_proj.bias	model-00015-of-00015.safetensors
model.audio_tokenizer.audio_model.layers.11.self_attn.v_proj.weight	model-00015-of-00015.safetensors
model.audio_tokenizer.audio_model.layers.11.self_attn_layer_norm.bias	model-00015-of-00015.safetensors
model.audio_tokenizer.audio_model.layers.11.self_attn_layer_norm.weight	model-00015-of-00015.safetensors
model.audio_tokenizer.audio_model.layers.12.fc1.bias	model-00015-of-00015.safetensors
model.audio_tokenizer.audio_model.layers.12.fc1.weight	model-00008-of-00015.safetensors
model.audio_tokenizer.audio_model.layers.12.fc2.bias	model-00015-of-00015.safetensors
model.audio_tokenizer.audio_model.layers.12.fc2.weight	model-00008-of-00015.safetensors
model.audio_tokenizer.audio_model.layers.12.final_layer_norm.bias	model-00015-of-00015.safetensors
model.audio_tokenizer.audio_model.layers.12.final_layer_norm.weight	model-00015-of-00015.safetensors
model.audio_tokenizer.audio_model.layers.12.self_attn.k_proj.weight	model-00015-of-00015.safetensors
model.audio_tokenizer.audio_model.layers.12.self_attn.out_proj.bias	model-00015-of-00015.safetensors
model.audio_tokenizer.audio_model.layers.12.self_attn.out_proj.weight	model-00015-of-00015.safetensors
model.audio_tokenizer.audio_model.layers.12.self_attn.q_proj.bias	model-00015-of-00015.safetensors
model.audio_tokenizer.audio_model.layers.12.self_attn.q_proj.weight	model-00015-of-00015.safetensors
model.audio_tokenizer.audio_model.layers.12.self_attn.v_proj.bias	model-00015-of-00015.safetensors
model.audio_tokenizer.audio_model.layers.12.self_attn.v_proj.weight	model-00015-of-00015.safetensors
model.audio_tokenizer.audio_model.layers.12.self_attn_layer_norm.bias	model-00015-of-00015.safetensors
model.audio_tokenizer.audio_model.layers.12.self_attn_layer_norm.weight	model-00015-of-00015.safetensors
model.audio_tokenizer.audio_model.layers.13.fc1.bias	model-00015-of-00015.safetensors
model.audio_tokenizer.audio_model.layers.13.fc1.weight	model-00008-of-00015.safetensors
model.audio_tokenizer.audio_model.layers.13.fc2.bias	model-00015-of-00015.safetensors
model.audio_tokenizer.audio_model.layers.13.fc2.weight	model-00008-of-00015.safetensors
model.audio_tokenizer.audio_model.layers.13.final_layer_norm.bias	model-00015-of-00015.safetensors
model.audio_tokenizer.audio_model.layers.13.final_layer_norm.weight	model-00015-of-00015.safetensors
model.audio_tokenizer.audio_model.layers.13.self_attn.k_proj.weight	model-00015-of-00015.safetensors
model.audio_tokenizer.audio_model.layers.13.self_attn.out_proj.bias	model-00015-of-00015.safetensors
model.audio_tokenizer.audio_model.layers.13.self_attn.out_proj.weight	model-00015-of-00015.safetensors
model.audio_tokenizer.audio_model.layers.13.self_attn.q_proj.bias	model-00015-of-00015.safetensors
model.audio_tokenizer.audio_model.layers.13.self_attn.q_proj.weight	model-00015-of-00015.safetensors
model.audio_tokenizer.audio_model.layers.13.self_attn.v_proj.bias	model-00015-of-00015.safetensors
model.audio_tokenizer.audio_model.layers.13.self_attn.v_proj.weight	model-00015-of-00015.safetensors
model.audio_tokenizer.audio_model.layers.13.self_attn_layer_norm.bias	model-00015-of-00015.safetensors
model.audio_tokenizer.audio_model.layers.13.self_attn_layer_norm.weight	model-00015-of-00015.safetensors
model.audio_tokenizer.audio_model.layers.14.fc1.bias	model-00015-of-00015.safetensors
model.audio_tokenizer.audio_model.layers.14.fc1.weight	model-00008-of-00015.safetensors
model.audio_tokenizer.audio_model.layers.14.fc2.bias	model-00015-of-00015.safetensors
model.audio_tokenizer.audio_model.layers.14.fc2.weight	model-00008-of-00015.safetensors
model.audio_tokenizer.audio_model.layers.14.final_layer_norm.bias	model-00015-of-00015.safetensors
model.audio_tokenizer.audio_model.layers.14.final_layer_norm.weight	model-00015-of-00015.safetensors
model.audio_tokenizer.audio_model.layers.14.self_attn.k_proj.weight	model-00015-of-00015.safetensors
model.audio_tokenizer.audio_model.layers.14.self_attn.out_proj.bias	model-00015-of-00015.safetensors
model.audio_tokenizer.audio_model.layers.14.self_attn.out_proj.weight	model-00015-of-00015.safetensors
model.audio_tokenizer.audio_model.layers.14.self_attn.q_proj.bias	model-00015-of-00015.safetensors
model.audio_tokenizer.audio_model.layers.14.self_attn.q_proj.weight	model-00015-of-00015.safetensors
model.audio_tokenizer.audio_model.layers.14.self_attn.v_proj.bias	model-00015-of-00015.safetensors
model.audio_tokenizer.audio_model.layers.14.self_attn.v_proj.weight	model-00015-of-00015.safetensors
model.audio_tokenizer.audio_model.layers.14.self_attn_layer_norm.bias	model-00015-of-00015.safetensors
model.audio_tokenizer.audio_model.layers.14.self_attn_layer_norm.weight	model-00015-of-00015.safetensors
model.audio_tokenizer.audio_model.layers.15.fc1.bias	model-00015-of-00015.safetensors
model.audio_tokenizer.audio_model.layers.15.fc1.weight	model-00008-of-00015.safetensors
model.audio_tokenizer.audio_model.layers.15.fc2.bias	model-00015-of-00015.safetensors
model.audio_tokenizer.audio_model.layers.15.fc2.weight	model-00008-of-00015.safetensors
model.audio_tokenizer.audio_model.layers.15.final_layer_norm.bias	model-00015-of-00015.safetensors
model.audio_tokenizer.audio_model.layers.15.final_layer_norm.weight	model-00015-of-00015.safetensors
model.audio_tokenizer.audio_model.layers.15.self_attn.k_proj.weight	model-00015-of-00015.safetensors
model.audio_tokenizer.audio_model.layers.15.self_attn.out_proj.bias	model-00015-of-00015.safetensors
model.audio_tokenizer.audio_model.layers.15.self_attn.out_proj.weight	model-00015-of-00015.safetensors
model.audio_tokenizer.audio_model.layers.15.self_attn.q_proj.bias	model-00015-of-00015.safetensors
model.audio_tokenizer.audio_model.layers.15.self_attn.q_proj.weight	model-00015-of-00015.safetensors
model.audio_tokenizer.audio_model.layers.15.self_attn.v_proj.bias	model-00015-of-00015.safetensors
model.audio_tokenizer.audio_model.layers.15.self_attn.v_proj.weight	model-00015-of-00015.safetensors
model.audio_tokenizer.audio_model.layers.15.self_attn_layer_norm.bias	model-00015-of-00015.safetensors
model.audio_tokenizer.audio_model.layers.15.self_attn_layer_norm.weight	model-00015-of-00015.safetensors
model.audio_tokenizer.audio_model.layers.16.fc1.bias	model-00015-of-00015.safetensors
model.audio_tokenizer.audio_model.layers.16.fc1.weight	model-00008-of-00015.safetensors
model.audio_tokenizer.audio_model.layers.16.fc2.bias	model-00015-of-00015.safetensors
model.audio_tokenizer.audio_model.layers.16.fc2.weight	model-00008-of-00015.safetensors
model.audio_tokenizer.audio_model.layers.16.final_layer_norm.bias	model-00015-of-00015.safetensors
model.audio_tokenizer.audio_model.layers.16.final_layer_norm.weight	model-00015-of-00015.safetensors
model.audio_tokenizer.audio_model.layers.16.self_attn.k_proj.weight	model-00015-of-00015.safetensors
model.audio_tokenizer.audio_model.layers.16.self_attn.out_proj.bias	model-00015-of-00015.safetensors
model.audio_tokenizer.audio_model.layers.16.self_attn.out_proj.weight	model-00015-of-00015.safetensors
model.audio_tokenizer.audio_model.layers.16.self_attn.q_proj.bias	model-00015-of-00015.safetensors
model.audio_tokenizer.audio_model.layers.16.self_attn.q_proj.weight	model-00015-of-00015.safetensors
model.audio_tokenizer.audio_model.layers.16.self_attn.v_proj.bias	model-00015-of-00015.safetensors
model.audio_tokenizer.audio_model.layers.16.self_attn.v_proj.weight	model-00015-of-00015.safetensors
model.audio_tokenizer.audio_model.layers.16.self_attn_layer_norm.bias	model-00015-of-00015.safetensors
model.audio_tokenizer.audio_model.layers.16.self_attn_layer_norm.weight	model-00015-of-00015.safetensors
model.audio_tokenizer.audio_model.layers.17.fc1.bias	model-00015-of-00015.safetensors
model.audio_tokenizer.audio_model.layers.17.fc1.weight	model-00008-of-00015.safetensors
model.audio_tokenizer.audio_model.layers.17.fc2.bias	model-00015-of-00015.safetensors
model.audio_tokenizer.audio_model.layers.17.fc2.weight	model-00008-of-00015.safetensors
model.audio_tokenizer.audio_model.layers.17.final_layer_norm.bias	model-00015-of-00015.safetensors
model.audio_tokenizer.audio_model.layers.17.final_layer_norm.weight	model-00015-of-00015.safetensors
model.audio_tokenizer.audio_model.layers.17.self_attn.k_proj.weight	model-00015-of-00015.safetensors
model.audio_tokenizer.audio_model.layers.17.self_attn.out_proj.bias	model-00015-of-00015.safetensors
model.audio_tokenizer.audio_model.layers.17.self_attn.out_proj.weight	model-00015-of-00015.safetensors
model.audio_tokenizer.audio_model.layers.17.self_attn.q_proj.bias	model-00015-of-00015.safetensors
model.audio_tokenizer.audio_model.layers.17.self_attn.q_proj.weight	model-00015-of-00015.safetensors
model.audio_tokenizer.audio_model.layers.17.self_attn.v_proj.bias	model-00015-of-00015.safetensors
model.audio_tokenizer.audio_model.layers.17.self_attn.v_proj.weight	model-00015-of-00015.safetensors
model.audio_tokenizer.audio_model.layers.17.self_attn_layer_norm.bias	model-00015-of-00015.safetensors
model.audio_tokenizer.audio_model.layers.17.self_attn_layer_norm.weight	model-00015-of-00015.safetensors
model.audio_tokenizer.audio_model.layers.18.fc1.bias	model-00015-of-00015.safetensors
model.audio_tokenizer.audio_model.layers.18.fc1.weight	model-00008-of-00015.safetensors
model.audio_tokenizer.audio_model.layers.18.fc2.bias	model-00015-of-00015.safetensors
model.audio_tokenizer.audio_model.layers.18.fc2.weight	model-00008-of-00015.safetensors
model.audio_tokenizer.audio_model.layers.18.final_layer_norm.bias	model-00015-of-00015.safetensors
model.audio_tokenizer.audio_model.layers.18.final_layer_norm.weight	model-00015-of-00015.safetensors
model.audio_tokenizer.audio_model.layers.18.self_attn.k_proj.weight	model-00015-of-00015.safetensors
model.audio_tokenizer.audio_model.layers.18.self_attn.out_proj.bias	model-00015-of-00015.safetensors
model.audio_tokenizer.audio_model.layers.18.self_attn.out_proj.weight	model-00015-of-00015.safetensors
model.audio_tokenizer.audio_model.layers.18.self_attn.q_proj.bias	model-00015-of-00015.safetensors
model.audio_tokenizer.audio_model.layers.18.self_attn.q_proj.weight	model-00015-of-00015.safetensors
model.audio_tokenizer.audio_model.layers.18.self_attn.v_proj.bias	model-00015-of-00015.safetensors
model.audio_tokenizer.audio_model.layers.18.self_attn.v_proj.weight	model-00015-of-00015.safetensors
model.audio_tokenizer.audio_model.layers.18.self_attn_layer_norm.bias	model-00015-of-00015.safetensors
model.audio_tokenizer.audio_model.layers.18.self_attn_layer_norm.weight	model-00015-of-00015.safetensors
model.audio_tokenizer.audio_model.layers.19.fc1.bias	model-00015-of-00015.safetensors
model.audio_tokenizer.audio_model.layers.19.fc1.weight	model-00008-of-00015.safetensors
model.audio_tokenizer.audio_model.layers.19.fc2.bias	model-00015-of-00015.safetensors
model.audio_tokenizer.audio_model.layers.19.fc2.weight	model-00008-of-00015.safetensors
model.audio_tokenizer.audio_model.layers.19.final_layer_norm.bias	model-00015-of-00015.safetensors
model.audio_tokenizer.audio_model.layers.19.final_layer_norm.weight	model-00015-of-00015.safetensors
model.audio_tokenizer.audio_model.layers.19.self_attn.k_proj.weight	model-00015-of-00015.safetensors
model.audio_tokenizer.audio_model.layers.19.self_attn.out_proj.bias	model-00015-of-00015.safetensors
model.audio_tokenizer.audio_model.layers.19.self_attn.out_proj.weight	model-00015-of-00015.safetensors
model.audio_tokenizer.audio_model.layers.19.self_attn.q_proj.bias	model-00015-of-00015.safetensors
model.audio_tokenizer.audio_model.layers.19.self_attn.q_proj.weight	model-00015-of-00015.safetensors
model.audio_tokenizer.audio_model.layers.19.self_attn.v_proj.bias	model-00015-of-00015.safetensors
model.audio_tokenizer.audio_model.layers.19.self_attn.v_proj.weight	model-00015-of-00015.safetensors
model.audio_tokenizer.audio_model.layers.19.self_attn_layer_norm.bias	model-00015-of-00015.safetensors
model.audio_tokenizer.audio_model.layers.19.self_attn_layer_norm.weight	model-00015-of-00015.safetensors
model.audio_tokenizer.audio_model.layers.2.fc1.bias	model-00015-of-00015.safetensors
model.audio_tokenizer.audio_model.layers.2.fc1.weight	model-00008-of-00015.safetensors
model.audio_tokenizer.audio_model.layers.2.fc2.bias	model-00015-of-00015.safetensors
model.audio_tokenizer.audio_model.layers.2.fc2.weight	model-00008-of-00015.safetensors
model.audio_tokenizer.audio_model.layers.2.final_layer_norm.bias	model-00015-of-00015.safetensors
model.audio_tokenizer.audio_model.layers.2.final_layer_norm.weight	model-00015-of-00015.safetensors
model.audio_tokenizer.audio_model.layers.2.self_attn.k_proj.weight	model-00015-of-00015.safetensors
model.audio_tokenizer.audio_model.layers.2.self_attn.out_proj.bias	model-00015-of-00015.safetensors
model.audio_tokenizer.audio_model.layers.2.self_attn.out_proj.weight	model-00015-of-00015.safetensors
model.audio_tokenizer.audio_model.layers.2.self_attn.q_proj.bias	model-00015-of-00015.safetensors
model.audio_tokenizer.audio_model.layers.2.self_attn.q_proj.weight	model-00015-of-00015.safetensors
model.audio_tokenizer.audio_model.layers.2.self_attn.v_proj.bias	model-00015-of-00015.safetensors
model.audio_tokenizer.audio_model.layers.2.self_attn.v_proj.weight	model-00015-of-00015.safetensors
model.audio_tokenizer.audio_model.layers.2.self_attn_layer_norm.bias	model-00015-of-00015.safetensors
model.audio_tokenizer.audio_model.layers.2.self_attn_layer_norm.weight	model-00015-of-00015.safetensors
model.audio_tokenizer.audio_model.layers.20.fc1.bias	model-00015-of-00015.safetensors
model.audio_tokenizer.audio_model.layers.20.fc1.weight	model-00008-of-00015.safetensors
model.audio_tokenizer.audio_model.layers.20.fc2.bias	model-00015-of-00015.safetensors
model.audio_tokenizer.audio_model.layers.20.fc2.weight	model-00008-of-00015.safetensors
model.audio_tokenizer.audio_model.layers.20.final_layer_norm.bias	model-00015-of-00015.safetensors
model.audio_tokenizer.audio_model.layers.20.final_layer_norm.weight	model-00015-of-00015.safetensors
model.audio_tokenizer.audio_model.layers.20.self_attn.k_proj.weight	model-00015-of-00015.safetensors
model.audio_tokenizer.audio_model.layers.20.self_attn.out_proj.bias	model-00015-of-00015.safetensors
model.audio_tokenizer.audio_model.layers.20.self_attn.out_proj.weight	model-00015-of-00015.safetensors
model.audio_tokenizer.audio_model.layers.20.self_attn.q_proj.bias	model-00015-of-00015.safetensors
model.audio_tokenizer.audio_model.layers.20.self_attn.q_proj.weight	model-00015-of-00015.safetensors
model.audio_tokenizer.audio_model.layers.20.self_attn.v_proj.bias	model-00015-of-00015.safetensors
model.audio_tokenizer.audio_model.layers.20.self_attn.v_proj.weight	model-00015-of-00015.safetensors
model.audio_tokenizer.audio_model.layers.20.self_attn_layer_norm.bias	model-00015-of-00015.safetensors
model.audio_tokenizer.audio_model.layers.20.self_attn_layer_norm.weight	model-00015-of-00015.safetensors
model.audio_tokenizer.audio_model.layers.21.fc1.bias	model-00015-of-00015.safetensors
model.audio_tokenizer.audio_model.layers.21.fc1.weight	model-00008-of-00015.safetensors
model.audio_tokenizer.audio_model.layers.21.fc2.bias	model-00015-of-00015.safetensors
model.audio_tokenizer.audio_model.layers.21.fc2.weight	model-00008-of-00015.safetensors
model.audio_tokenizer.audio_model.layers.21.final_layer_norm.bias	model-00015-of-00015.safetensors
model.audio_tokenizer.audio_model.layers.21.final_layer_norm.weight	model-00015-of-00015.safetensors
model.audio_tokenizer.audio_model.layers.21.self_attn.k_proj.weight	model-00015-of-00015.safetensors
model.audio_tokenizer.audio_model.layers.21.self_attn.out_proj.bias	model-00015-of-00015.safetensors
model.audio_tokenizer.audio_model.layers.21.self_attn.out_proj.weight	model-00015-of-00015.safetensors
model.audio_tokenizer.audio_model.layers.21.self_attn.q_proj.bias	model-00015-of-00015.safetensors
model.audio_tokenizer.audio_model.layers.21.self_attn.q_proj.weight	model-00015-of-00015.safetensors
model.audio_tokenizer.audio_model.layers.21.self_attn.v_proj.bias	model-00015-of-00015.safetensors
model.audio_tokenizer.audio_model.layers.21.self_attn.v_proj.weight	model-00015-of-00015.safetensors
model.audio_tokenizer.audio_model.layers.21.self_attn_layer_norm.bias	model-00015-of-00015.safetensors
model.audio_tokenizer.audio_model.layers.21.self_attn_layer_norm.weight	model-00015-of-00015.safetensors
model.audio_tokenizer.audio_model.layers.22.fc1.bias	model-00015-of-00015.safetensors
model.audio_tokenizer.audio_model.layers.22.fc1.weight	model-00008-of-00015.safetensors
model.audio_tokenizer.audio_model.layers.22.fc2.bias	model-00015-of-00015.safetensors
model.audio_tokenizer.audio_model.layers.22.fc2.weight	model-00008-of-00015.safetensors
model.audio_tokenizer.audio_model.layers.22.final_layer_norm.bias	model-00015-of-00015.safetensors
model.audio_tokenizer.audio_model.layers.22.final_layer_norm.weight	model-00015-of-00015.safetensors
model.audio_tokenizer.audio_model.layers.22.self_attn.k_proj.weight	model-00015-of-00015.safetensors
model.audio_tokenizer.audio_model.layers.22.self_attn.out_proj.bias	model-00015-of-00015.safetensors
model.audio_tokenizer.audio_model.layers.22.self_attn.out_proj.weight	model-00015-of-00015.safetensors
model.audio_tokenizer.audio_model.layers.22.self_attn.q_proj.bias	model-00015-of-00015.safetensors
model.audio_tokenizer.audio_model.layers.22.self_attn.q_proj.weight	model-00015-of-00015.safetensors
model.audio_tokenizer.audio_model.layers.22.self_attn.v_proj.bias	model-00015-of-00015.safetensors
model.audio_tokenizer.audio_model.layers.22.self_attn.v_proj.weight	model-00015-of-00015.safetensors
model.audio_tokenizer.audio_model.layers.22.self_attn_layer_norm.bias	model-00015-of-00015.safetensors
model.audio_tokenizer.audio_model.layers.22.self_attn_layer_norm.weight	model-00015-of-00015.safetensors
model.audio_tokenizer.audio_model.layers.23.fc1.bias	model-00015-of-00015.safetensors
model.audio_tokenizer.audio_model.layers.23.fc1.weight	model-00008-of-00015.safetensors
model.audio_tokenizer.audio_model.layers.23.fc2.bias	model-00015-of-00015.safetensors
model.audio_tokenizer.audio_model.layers.23.fc2.weight	model-00008-of-00015.safetensors
model.audio_tokenizer.audio_model.layers.23.final_layer_norm.bias	model-00015-of-00015.safetensors
model.audio_tokenizer.audio_model.layers.23.final_layer_norm.weight	model-00015-of-00015.safetensors
model.audio_tokenizer.audio_model.layers.23.self_attn.k_proj.weight	model-00015-of-00015.safetensors
model.audio_tokenizer.audio_model.layers.23.self_attn.out_proj.bias	model-00015-of-00015.safetensors
model.audio_tokenizer.audio_model.layers.23.self_attn.out_proj.weight	model-00015-of-00015.safetensors
model.audio_tokenizer.audio_model.layers.23.self_attn.q_proj.bias	model-00015-of-00015.safetensors
model.audio_tokenizer.audio_model.layers.23.self_attn.q_proj.weight	model-00015-of-00015.safetensors
model.audio_tokenizer.audio_model.layers.23.self_attn.v_proj.bias	model-00015-of-00015.safetensors
model.audio_tokenizer.audio_model.layers.23.self_attn.v_proj.weight	model-00015-of-00015.safetensors
model.audio_tokenizer.audio_model.layers.23.self_attn_layer_norm.bias	model-00015-of-00015.safetensors
model.audio_tokenizer.audio_model.layers.23.self_attn_layer_norm.weight	model-00015-of-00015.safetensors
model.audio_tokenizer.audio_model.layers.24.fc1.bias	model-00015-of-00015.safetensors
model.audio_tokenizer.audio_model.layers.24.fc1.weight	model-00008-of-00015.safetensors
model.audio_tokenizer.audio_model.layers.24.fc2.bias	model-00015-of-00015.safetensors
model.audio_tokenizer.audio_model.layers.24.fc2.weight	model-00008-of-00015.safetensors
model.audio_tokenizer.audio_model.layers.24.final_layer_norm.bias	model-00015-of-00015.safetensors
model.audio_tokenizer.audio_model.layers.24.final_layer_norm.weight	model-00015-of-00015.safetensors
model.audio_tokenizer.audio_model.layers.24.self_attn.k_proj.weight	model-00015-of-00015.safetensors
model.audio_tokenizer.audio_model.layers.24.self_attn.out_proj.bias	model-00015-of-00015.safetensors
model.audio_tokenizer.audio_model.layers.24.self_attn.out_proj.weight	model-00015-of-00015.safetensors
model.audio_tokenizer.audio_model.layers.24.self_attn.q_proj.bias	model-00015-of-00015.safetensors
model.audio_tokenizer.audio_model.layers.24.self_attn.q_proj.weight	model-00015-of-00015.safetensors
model.audio_tokenizer.audio_model.layers.24.self_attn.v_proj.bias	model-00015-of-00015.safetensors
model.audio_tokenizer.audio_model.layers.24.self_attn.v_proj.weight	model-00015-of-00015.safetensors
model.audio_tokenizer.audio_model.layers.24.self_attn_layer_norm.bias	model-00015-of-00015.safetensors
model.audio_tokenizer.audio_model.layers.24.self_attn_layer_norm.weight	model-00015-of-00015.safetensors
model.audio_tokenizer.audio_model.layers.25.fc1.bias	model-00015-of-00015.safetensors
model.audio_tokenizer.audio_model.layers.25.fc1.weight	model-00008-of-00015.safetensors
model.audio_tokenizer.audio_model.layers.25.fc2.bias	model-00015-of-00015.safetensors
model.audio_tokenizer.audio_model.layers.25.fc2.weight	model-00008-of-00015.safetensors
model.audio_tokenizer.audio_model.layers.25.final_layer_norm.bias	model-00015-of-00015.safetensors
model.audio_tokenizer.audio_model.layers.25.final_layer_norm.weight	model-00015-of-00015.safetensors
model.audio_tokenizer.audio_model.layers.25.self_attn.k_proj.weight	model-00015-of-00015.safetensors
model.audio_tokenizer.audio_model.layers.25.self_attn.out_proj.bias	model-00015-of-00015.safetensors
model.audio_tokenizer.audio_model.layers.25.self_attn.out_proj.weight	model-00015-of-00015.safetensors
model.audio_tokenizer.audio_model.layers.25.self_attn.q_proj.bias	model-00015-of-00015.safetensors
model.audio_tokenizer.audio_model.layers.25.self_attn.q_proj.weight	model-00015-of-00015.safetensors
model.audio_tokenizer.audio_model.layers.25.self_attn.v_proj.bias	model-00015-of-00015.safetensors
model.audio_tokenizer.audio_model.layers.25.self_attn.v_proj.weight	model-00015-of-00015.safetensors
model.audio_tokenizer.audio_model.layers.25.self_attn_layer_norm.bias	model-00015-of-00015.safetensors
model.audio_tokenizer.audio_model.layers.25.self_attn_layer_norm.weight	model-00015-of-00015.safetensors
model.audio_tokenizer.audio_model.layers.26.fc1.bias	model-00015-of-00015.safetensors
model.audio_tokenizer.audio_model.layers.26.fc1.weight	model-00008-of-00015.safetensors
model.audio_tokenizer.audio_model.layers.26.fc2.bias	model-00015-of-00015.safetensors
model.audio_tokenizer.audio_model.layers.26.fc2.weight	model-00008-of-00015.safetensors
model.audio_tokenizer.audio_model.layers.26.final_layer_norm.bias	model-00015-of-00015.safetensors
model.audio_tokenizer.audio_model.layers.26.final_layer_norm.weight	model-00015-of-00015.safetensors
model.audio_tokenizer.audio_model.layers.26.self_attn.k_proj.weight	model-00015-of-00015.safetensors
model.audio_tokenizer.audio_model.layers.26.self_attn.out_proj.bias	model-00015-of-00015.safetensors
model.audio_tokenizer.audio_model.layers.26.self_attn.out_proj.weight	model-00015-of-00015.safetensors
model.audio_tokenizer.audio_model.layers.26.self_attn.q_proj.bias	model-00015-of-00015.safetensors
model.audio_tokenizer.audio_model.layers.26.self_attn.q_proj.weight	model-00015-of-00015.safetensors
model.audio_tokenizer.audio_model.layers.26.self_attn.v_proj.bias	model-00015-of-00015.safetensors
model.audio_tokenizer.audio_model.layers.26.self_attn.v_proj.weight	model-00015-of-00015.safetensors
model.audio_tokenizer.audio_model.layers.26.self_attn_layer_norm.bias	model-00015-of-00015.safetensors
model.audio_tokenizer.audio_model.layers.26.self_attn_layer_norm.weight	model-00015-of-00015.safetensors
model.audio_tokenizer.audio_model.layers.27.fc1.bias	model-00015-of-00015.safetensors
model.audio_tokenizer.audio_model.layers.27.fc1.weight	model-00008-of-00015.safetensors
model.audio_tokenizer.audio_model.layers.27.fc2.bias	model-00015-of-00015.safetensors
model.audio_tokenizer.audio_model.layers.27.fc2.weight	model-00008-of-00015.safetensors
model.audio_tokenizer.audio_model.layers.27.final_layer_norm.bias	model-00015-of-00015.safetensors
model.audio_tokenizer.audio_model.layers.27.final_layer_norm.weight	model-00015-of-00015.safetensors
model.audio_tokenizer.audio_model.layers.27.self_attn.k_proj.weight	model-00015-of-00015.safetensors
model.audio_tokenizer.audio_model.layers.27.self_attn.out_proj.bias	model-00015-of-00015.safetensors
model.audio_tokenizer.audio_model.layers.27.self_attn.out_proj.weight	model-00015-of-00015.safetensors
model.audio_tokenizer.audio_model.layers.27.self_attn.q_proj.bias	model-00015-of-00015.safetensors
model.audio_tokenizer.audio_model.layers.27.self_attn.q_proj.weight	model-00015-of-00015.safetensors
model.audio_tokenizer.audio_model.layers.27.self_attn.v_proj.bias	model-00015-of-00015.safetensors
model.audio_tokenizer.audio_model.layers.27.self_attn.v_proj.weight	model-00015-of-00015.safetensors
model.audio_tokenizer.audio_model.layers.27.self_attn_layer_norm.bias	model-00015-of-00015.safetensors
model.audio_tokenizer.audio_model.layers.27.self_attn_layer_norm.weight	model-00015-of-00015.safetensors
model.audio_tokenizer.audio_model.layers.28.fc1.bias	model-00015-of-00015.safetensors
model.audio_tokenizer.audio_model.layers.28.fc1.weight	model-00008-of-00015.safetensors
model.audio_tokenizer.audio_model.layers.28.fc2.bias	model-00015-of-00015.safetensors
model.audio_tokenizer.audio_model.layers.28.fc2.weight	model-00008-of-00015.safetensors
model.audio_tokenizer.audio_model.layers.28.final_layer_norm.bias	model-00015-of-00015.safetensors
model.audio_tokenizer.audio_model.layers.28.final_layer_norm.weight	model-00015-of-00015.safetensors
model.audio_tokenizer.audio_model.layers.28.self_attn.k_proj.weight	model-00015-of-00015.safetensors
model.audio_tokenizer.audio_model.layers.28.self_attn.out_proj.bias	model-00015-of-00015.safetensors
model.audio_tokenizer.audio_model.layers.28.self_attn.out_proj.weight	model-00015-of-00015.safetensors
model.audio_tokenizer.audio_model.layers.28.self_attn.q_proj.bias	model-00015-of-00015.safetensors
model.audio_tokenizer.audio_model.layers.28.self_attn.q_proj.weight	model-00015-of-00015.safetensors
model.audio_tokenizer.audio_model.layers.28.self_attn.v_proj.bias	model-00015-of-00015.safetensors
model.audio_tokenizer.audio_model.layers.28.self_attn.v_proj.weight	model-00015-of-00015.safetensors
model.audio_tokenizer.audio_model.layers.28.self_attn_layer_norm.bias	model-00015-of-00015.safetensors
model.audio_tokenizer.audio_model.layers.28.self_attn_layer_norm.weight	model-00015-of-00015.safetensors
model.audio_tokenizer.audio_model.layers.29.fc1.bias	model-00015-of-00015.safetensors
model.audio_tokenizer.audio_model.layers.29.fc1.weight	model-00008-of-00015.safetensors
model.audio_tokenizer.audio_model.layers.29.fc2.bias	model-00015-of-00015.safetensors
model.audio_tokenizer.audio_model.layers.29.fc2.weight	model-00008-of-00015.safetensors
model.audio_tokenizer.audio_model.layers.29.final_layer_norm.bias	model-00015-of-00015.safetensors
model.audio_tokenizer.audio_model.layers.29.final_layer_norm.weight	model-00015-of-00015.safetensors
model.audio_tokenizer.audio_model.layers.29.self_attn.k_proj.weight	model-00015-of-00015.safetensors
model.audio_tokenizer.audio_model.layers.29.self_attn.out_proj.bias	model-00015-of-00015.safetensors
model.audio_tokenizer.audio_model.layers.29.self_attn.out_proj.weight	model-00015-of-00015.safetensors
model.audio_tokenizer.audio_model.layers.29.self_attn.q_proj.bias	model-00015-of-00015.safetensors
model.audio_tokenizer.audio_model.layers.29.self_attn.q_proj.weight	model-00015-of-00015.safetensors
model.audio_tokenizer.audio_model.layers.29.self_attn.v_proj.bias	model-00015-of-00015.safetensors
model.audio_tokenizer.audio_model.layers.29.self_attn.v_proj.weight	model-00015-of-00015.safetensors
model.audio_tokenizer.audio_model.layers.29.self_attn_layer_norm.bias	model-00015-of-00015.safetensors
model.audio_tokenizer.audio_model.layers.29.self_attn_layer_norm.weight	model-00015-of-00015.safetensors
model.audio_tokenizer.audio_model.layers.3.fc1.bias	model-00015-of-00015.safetensors
model.audio_tokenizer.audio_model.layers.3.fc1.weight	model-00008-of-00015.safetensors
model.audio_tokenizer.audio_model.layers.3.fc2.bias	model-00015-of-00015.safetensors
model.audio_tokenizer.audio_model.layers.3.fc2.weight	model-00008-of-00015.safetensors
model.audio_tokenizer.audio_model.layers.3.final_layer_norm.bias	model-00015-of-00015.safetensors
model.audio_tokenizer.audio_model.layers.3.final_layer_norm.weight	model-00015-of-00015.safetensors
model.audio_tokenizer.audio_model.layers.3.self_attn.k_proj.weight	model-00015-of-00015.safetensors
model.audio_tokenizer.audio_model.layers.3.self_attn.out_proj.bias	model-00015-of-00015.safetensors
model.audio_tokenizer.audio_model.layers.3.self_attn.out_proj.weight	model-00015-of-00015.safetensors
model.audio_tokenizer.audio_model.layers.3.self_attn.q_proj.bias	model-00015-of-00015.safetensors
model.audio_tokenizer.audio_model.layers.3.self_attn.q_proj.weight	model-00015-of-00015.safetensors
model.audio_tokenizer.audio_model.layers.3.self_attn.v_proj.bias	model-00015-of-00015.safetensors
model.audio_tokenizer.audio_model.layers.3.self_attn.v_proj.weight	model-00015-of-00015.safetensors
model.audio_tokenizer.audio_model.layers.3.self_attn_layer_norm.bias	model-00015-of-00015.safetensors
model.audio_tokenizer.audio_model.layers.3.self_attn_layer_norm.weight	model-00015-of-00015.safetensors
model.audio_tokenizer.audio_model.layers.30.fc1.bias	model-00015-of-00015.safetensors
model.audio_tokenizer.audio_model.layers.30.fc1.weight	model-00008-of-00015.safetensors
model.audio_tokenizer.audio_model.layers.30.fc2.bias	model-00015-of-00015.safetensors
model.audio_tokenizer.audio_model.layers.30.fc2.weight	model-00008-of-00015.safetensors
model.audio_tokenizer.audio_model.layers.30.final_layer_norm.bias	model-00015-of-00015.safetensors
model.audio_tokenizer.audio_model.layers.30.final_layer_norm.weight	model-00015-of-00015.safetensors
model.audio_tokenizer.audio_model.layers.30.self_attn.k_proj.weight	model-00015-of-00015.safetensors
model.audio_tokenizer.audio_model.layers.30.self_attn.out_proj.bias	model-00015-of-00015.safetensors
model.audio_tokenizer.audio_model.layers.30.self_attn.out_proj.weight	model-00015-of-00015.safetensors
model.audio_tokenizer.audio_model.layers.30.self_attn.q_proj.bias	model-00015-of-00015.safetensors
model.audio_tokenizer.audio_model.layers.30.self_attn.q_proj.weight	model-00015-of-00015.safetensors
model.audio_tokenizer.audio_model.layers.30.self_attn.v_proj.bias	model-00015-of-00015.safetensors
model.audio_tokenizer.audio_model.layers.30.self_attn.v_proj.weight	model-00015-of-00015.safetensors
model.audio_tokenizer.audio_model.layers.30.self_attn_layer_norm.bias	model-00015-of-00015.safetensors
model.audio_tokenizer.audio_model.layers.30.self_attn_layer_norm.weight	model-00015-of-00015.safetensors
model.audio_tokenizer.audio_model.layers.31.fc1.bias	model-00015-of-00015.safetensors
model.audio_tokenizer.audio_model.layers.31.fc1.weight	model-00008-of-00015.safetensors
model.audio_tokenizer.audio_model.layers.31.fc2.bias	model-00015-of-00015.safetensors
model.audio_tokenizer.audio_model.layers.31.fc2.weight	model-00008-of-00015.safetensors
model.audio_tokenizer.audio_model.layers.31.final_layer_norm.bias	model-00015-of-00015.safetensors
model.audio_tokenizer.audio_model.layers.31.final_layer_norm.weight	model-00015-of-00015.safetensors
model.audio_tokenizer.audio_model.layers.31.self_attn.k_proj.weight	model-00015-of-00015.safetensors
model.audio_tokenizer.audio_model.layers.31.self_attn.out_proj.bias	model-00015-of-00015.safetensors
model.audio_tokenizer.audio_model.layers.31.self_attn.out_proj.weight	model-00015-of-00015.safetensors
model.audio_tokenizer.audio_model.layers.31.self_attn.q_proj.bias	model-00015-of-00015.safetensors
model.audio_tokenizer.audio_model.layers.31.self_attn.q_proj.weight	model-00015-of-00015.safetensors
model.audio_tokenizer.audio_model.layers.31.self_attn.v_proj.bias	model-00015-of-00015.safetensors
model.audio_tokenizer.audio_model.layers.31.self_attn.v_proj.weight	model-00015-of-00015.safetensors
model.audio_tokenizer.audio_model.layers.31.self_attn_layer_norm.bias	model-00015-of-00015.safetensors
model.audio_tokenizer.audio_model.layers.31.self_attn_layer_norm.weight	model-00015-of-00015.safetensors
model.audio_tokenizer.audio_model.layers.4.fc1.bias	model-00015-of-00015.safetensors
model.audio_tokenizer.audio_model.layers.4.fc1.weight	model-00008-of-00015.safetensors
model.audio_tokenizer.audio_model.layers.4.fc2.bias	model-00015-of-00015.safetensors
model.audio_tokenizer.audio_model.layers.4.fc2.weight	model-00008-of-00015.safetensors
model.audio_tokenizer.audio_model.layers.4.final_layer_norm.bias	model-00015-of-00015.safetensors
model.audio_tokenizer.audio_model.layers.4.final_layer_norm.weight	model-00015-of-00015.safetensors
model.audio_tokenizer.audio_model.layers.4.self_attn.k_proj.weight	model-00015-of-00015.safetensors
model.audio_tokenizer.audio_model.layers.4.self_attn.out_proj.bias	model-00015-of-00015.safetensors
model.audio_tokenizer.audio_model.layers.4.self_attn.out_proj.weight	model-00015-of-00015.safetensors
model.audio_tokenizer.audio_model.layers.4.self_attn.q_proj.bias	model-00015-of-00015.safetensors
model.audio_tokenizer.audio_model.layers.4.self_attn.q_proj.weight	model-00015-of-00015.safetensors
model.audio_tokenizer.audio_model.layers.4.self_attn.v_proj.bias	model-00015-of-00015.safetensors
model.audio_tokenizer.audio_model.layers.4.self_attn.v_proj.weight	model-00015-of-00015.safetensors
model.audio_tokenizer.audio_model.layers.4.self_attn_layer_norm.bias	model-00015-of-00015.safetensors
model.audio_tokenizer.audio_model.layers.4.self_attn_layer_norm.weight	model-00015-of-00015.safetensors
model.audio_tokenizer.audio_model.layers.5.fc1.bias	model-00015-of-00015.safetensors
model.audio_tokenizer.audio_model.layers.5.fc1.weight	model-00008-of-00015.safetensors
model.audio_tokenizer.audio_model.layers.5.fc2.bias	model-00015-of-00015.safetensors
model.audio_tokenizer.audio_model.layers.5.fc2.weight	model-00008-of-00015.safetensors
model.audio_tokenizer.audio_model.layers.5.final_layer_norm.bias	model-00015-of-00015.safetensors
model.audio_tokenizer.audio_model.layers.5.final_layer_norm.weight	model-00015-of-00015.safetensors
model.audio_tokenizer.audio_model.layers.5.self_attn.k_proj.weight	model-00015-of-00015.safetensors
model.audio_tokenizer.audio_model.layers.5.self_attn.out_proj.bias	model-00015-of-00015.safetensors
model.audio_tokenizer.audio_model.layers.5.self_attn.out_proj.weight	model-00015-of-00015.safetensors
model.audio_tokenizer.audio_model.layers.5.self_attn.q_proj.bias	model-00015-of-00015.safetensors
model.audio_tokenizer.audio_model.layers.5.self_attn.q_proj.weight	model-00015-of-00015.safetensors
model.audio_tokenizer.audio_model.layers.5.self_attn.v_proj.bias	model-00015-of-00015.safetensors
model.audio_tokenizer.audio_model.layers.5.self_attn.v_proj.weight	model-00015-of-00015.safetensors
model.audio_tokenizer.audio_model.layers.5.self_attn_layer_norm.bias	model-00015-of-00015.safetensors
model.audio_tokenizer.audio_model.layers.5.self_attn_layer_norm.weight	model-00015-of-00015.safetensors
model.audio_tokenizer.audio_model.layers.6.fc1.bias	model-00015-of-00015.safetensors
model.audio_tokenizer.audio_model.layers.6.fc1.weight	model-00008-of-00015.safetensors
model.audio_tokenizer.audio_model.layers.6.fc2.bias	model-00015-of-00015.safetensors
model.audio_tokenizer.audio_model.layers.6.fc2.weight	model-00008-of-00015.safetensors
model.audio_tokenizer.audio_model.layers.6.final_layer_norm.bias	model-00015-of-00015.safetensors
model.audio_tokenizer.audio_model.layers.6.final_layer_norm.weight	model-00015-of-00015.safetensors
model.audio_tokenizer.audio_model.layers.6.self_attn.k_proj.weight	model-00015-of-00015.safetensors
model.audio_tokenizer.audio_model.layers.6.self_attn.out_proj.bias	model-00015-of-00015.safetensors
model.audio_tokenizer.audio_model.layers.6.self_attn.out_proj.weight	model-00015-of-00015.safetensors
model.audio_tokenizer.audio_model.layers.6.self_attn.q_proj.bias	model-00015-of-00015.safetensors
model.audio_tokenizer.audio_model.layers.6.self_attn.q_proj.weight	model-00015-of-00015.safetensors
model.audio_tokenizer.audio_model.layers.6.self_attn.v_proj.bias	model-00015-of-00015.safetensors
model.audio_tokenizer.audio_model.layers.6.self_attn.v_proj.weight	model-00015-of-00015.safetensors
model.audio_tokenizer.audio_model.layers.6.self_attn_layer_norm.bias	model-00015-of-00015.safetensors
model.audio_tokenizer.audio_model.layers.6.self_attn_layer_norm.weight	model-00015-of-00015.safetensors
model.audio_tokenizer.audio_model.layers.7.fc1.bias	model-00015-of-00015.safetensors
model.audio_tokenizer.audio_model.layers.7.fc1.weight	model-00008-of-00015.safetensors
model.audio_tokenizer.audio_model.layers.7.fc2.bias	model-00015-of-00015.safetensors
model.audio_tokenizer.audio_model.layers.7.fc2.weight	model-00008-of-00015.safetensors
model.audio_tokenizer.audio_model.layers.7.final_layer_norm.bias	model-00015-of-00015.safetensors
model.audio_tokenizer.audio_model.layers.7.final_layer_norm.weight	model-00015-of-00015.safetensors
model.audio_tokenizer.audio_model.layers.7.self_attn.k_proj.weight	model-00015-of-00015.safetensors
model.audio_tokenizer.audio_model.layers.7.self_attn.out_proj.bias	model-00015-of-00015.safetensors
model.audio_tokenizer.audio_model.layers.7.self_attn.out_proj.weight	model-00015-of-00015.safetensors
model.audio_tokenizer.audio_model.layers.7.self_attn.q_proj.bias	model-00015-of-00015.safetensors
model.audio_tokenizer.audio_model.layers.7.self_attn.q_proj.weight	model-00015-of-00015.safetensors
model.audio_tokenizer.audio_model.layers.7.self_attn.v_proj.bias	model-00015-of-00015.safetensors
model.audio_tokenizer.audio_model.layers.7.self_attn.v_proj.weight	model-00015-of-00015.safetensors
model.audio_tokenizer.audio_model.layers.7.self_attn_layer_norm.bias	model-00015-of-00015.safetensors
model.audio_tokenizer.audio_model.layers.7.self_attn_layer_norm.weight	model-00015-of-00015.safetensors
model.audio_tokenizer.audio_model.layers.8.fc1.bias	model-00015-of-00015.safetensors
model.audio_tokenizer.audio_model.layers.8.fc1.weight	model-00008-of-00015.safetensors
model.audio_tokenizer.audio_model.layers.8.fc2.bias	model-00015-of-00015.safetensors
model.audio_tokenizer.audio_model.layers.8.fc2.weight	model-00008-of-00015.safetensors
model.audio_tokenizer.audio_model.layers.8.final_layer_norm.bias	model-00015-of-00015.safetensors
model.audio_tokenizer.audio_model.layers.8.final_layer_norm.weight	model-00015-of-00015.safetensors
model.audio_tokenizer.audio_model.layers.8.self_attn.k_proj.weight	model-00015-of-00015.safetensors
model.audio_tokenizer.audio_model.layers.8.self_attn.out_proj.bias	model-00015-of-00015.safetensors
model.audio_tokenizer.audio_model.layers.8.self_attn.out_proj.weight	model-00015-of-00015.safetensors
model.audio_tokenizer.audio_model.layers.8.self_attn.q_proj.bias	model-00015-of-00015.safetensors
model.audio_tokenizer.audio_model.layers.8.self_attn.q_proj.weight	model-00015-of-00015.safetensors
model.audio_tokenizer.audio_model.layers.8.self_attn.v_proj.bias	model-00015-of-00015.safetensors
model.audio_tokenizer.audio_model.layers.8.self_attn.v_proj.weight	model-00015-of-00015.safetensors
model.audio_tokenizer.audio_model.layers.8.self_attn_layer_norm.bias	model-00015-of-00015.safetensors
model.audio_tokenizer.audio_model.layers.8.self_attn_layer_norm.weight	model-00015-of-00015.safetensors
model.audio_tokenizer.audio_model.layers.9.fc1.bias	model-00015-of-00015.safetensors
model.audio_tokenizer.audio_model.layers.9.fc1.weight	model-00008-of-00015.safetensors
model.audio_tokenizer.audio_model.layers.9.fc2.bias	model-00015-of-00015.safetensors
model.audio_tokenizer.audio_model.layers.9.fc2.weight	model-00008-of-00015.safetensors
model.audio_tokenizer.audio_model.layers.9.final_layer_norm.bias	model-00015-of-00015.safetensors
model.audio_tokenizer.audio_model.layers.9.final_layer_norm.weight	model-00015-of-00015.safetensors
model.audio_tokenizer.audio_model.layers.9.self_attn.k_proj.weight	model-00015-of-00015.safetensors
model.audio_tokenizer.audio_model.layers.9.self_attn.out_proj.bias	model-00015-of-00015.safetensors
model.audio_tokenizer.audio_model.layers.9.self_attn.out_proj.weight	model-00015-of-00015.safetensors
model.audio_tokenizer.audio_model.layers.9.self_attn.q_proj.bias	model-00015-of-00015.safetensors
model.audio_tokenizer.audio_model.layers.9.self_attn.q_proj.weight	model-00015-of-00015.safetensors
model.audio_tokenizer.audio_model.layers.9.self_attn.v_proj.bias	model-00015-of-00015.safetensors
model.audio_tokenizer.audio_model.layers.9.self_attn.v_proj.weight	model-00015-of-00015.safetensors
model.audio_tokenizer.audio_model.layers.9.self_attn_layer_norm.bias	model-00015-of-00015.safetensors
model.audio_tokenizer.audio_model.layers.9.self_attn_layer_norm.weight	model-00015-of-00015.safetensors
model.audio_tokenizer.audio_model.positional_embedding	model-00015-of-00015.safetensors
